image_path,graph_data_path,label
./modality/PROTEINS/graph_0.png,./modality/PROTEINS/graph_0.pkl,0
./modality/PROTEINS/graph_1.png,./modality/PROTEINS/graph_1.pkl,0
./modality/PROTEINS/graph_2.png,./modality/PROTEINS/graph_2.pkl,0
./modality/PROTEINS/graph_3.png,./modality/PROTEINS/graph_3.pkl,0
./modality/PROTEINS/graph_4.png,./modality/PROTEINS/graph_4.pkl,0
./modality/PROTEINS/graph_5.png,./modality/PROTEINS/graph_5.pkl,0
./modality/PROTEINS/graph_6.png,./modality/PROTEINS/graph_6.pkl,0
./modality/PROTEINS/graph_7.png,./modality/PROTEINS/graph_7.pkl,0
./modality/PROTEINS/graph_8.png,./modality/PROTEINS/graph_8.pkl,0
./modality/PROTEINS/graph_9.png,./modality/PROTEINS/graph_9.pkl,0
./modality/PROTEINS/graph_10.png,./modality/PROTEINS/graph_10.pkl,0
./modality/PROTEINS/graph_11.png,./modality/PROTEINS/graph_11.pkl,0
./modality/PROTEINS/graph_12.png,./modality/PROTEINS/graph_12.pkl,0
./modality/PROTEINS/graph_13.png,./modality/PROTEINS/graph_13.pkl,0
./modality/PROTEINS/graph_14.png,./modality/PROTEINS/graph_14.pkl,0
./modality/PROTEINS/graph_15.png,./modality/PROTEINS/graph_15.pkl,0
./modality/PROTEINS/graph_16.png,./modality/PROTEINS/graph_16.pkl,0
./modality/PROTEINS/graph_17.png,./modality/PROTEINS/graph_17.pkl,0
./modality/PROTEINS/graph_18.png,./modality/PROTEINS/graph_18.pkl,0
./modality/PROTEINS/graph_19.png,./modality/PROTEINS/graph_19.pkl,0
./modality/PROTEINS/graph_20.png,./modality/PROTEINS/graph_20.pkl,0
./modality/PROTEINS/graph_21.png,./modality/PROTEINS/graph_21.pkl,0
./modality/PROTEINS/graph_22.png,./modality/PROTEINS/graph_22.pkl,0
./modality/PROTEINS/graph_23.png,./modality/PROTEINS/graph_23.pkl,0
./modality/PROTEINS/graph_24.png,./modality/PROTEINS/graph_24.pkl,0
./modality/PROTEINS/graph_25.png,./modality/PROTEINS/graph_25.pkl,0
./modality/PROTEINS/graph_26.png,./modality/PROTEINS/graph_26.pkl,0
./modality/PROTEINS/graph_27.png,./modality/PROTEINS/graph_27.pkl,0
./modality/PROTEINS/graph_28.png,./modality/PROTEINS/graph_28.pkl,0
./modality/PROTEINS/graph_29.png,./modality/PROTEINS/graph_29.pkl,0
./modality/PROTEINS/graph_30.png,./modality/PROTEINS/graph_30.pkl,0
./modality/PROTEINS/graph_31.png,./modality/PROTEINS/graph_31.pkl,0
./modality/PROTEINS/graph_32.png,./modality/PROTEINS/graph_32.pkl,0
./modality/PROTEINS/graph_33.png,./modality/PROTEINS/graph_33.pkl,0
./modality/PROTEINS/graph_34.png,./modality/PROTEINS/graph_34.pkl,0
./modality/PROTEINS/graph_35.png,./modality/PROTEINS/graph_35.pkl,0
./modality/PROTEINS/graph_36.png,./modality/PROTEINS/graph_36.pkl,0
./modality/PROTEINS/graph_37.png,./modality/PROTEINS/graph_37.pkl,0
./modality/PROTEINS/graph_38.png,./modality/PROTEINS/graph_38.pkl,0
./modality/PROTEINS/graph_39.png,./modality/PROTEINS/graph_39.pkl,0
./modality/PROTEINS/graph_40.png,./modality/PROTEINS/graph_40.pkl,0
./modality/PROTEINS/graph_41.png,./modality/PROTEINS/graph_41.pkl,0
./modality/PROTEINS/graph_42.png,./modality/PROTEINS/graph_42.pkl,0
./modality/PROTEINS/graph_43.png,./modality/PROTEINS/graph_43.pkl,0
./modality/PROTEINS/graph_44.png,./modality/PROTEINS/graph_44.pkl,0
./modality/PROTEINS/graph_45.png,./modality/PROTEINS/graph_45.pkl,0
./modality/PROTEINS/graph_46.png,./modality/PROTEINS/graph_46.pkl,0
./modality/PROTEINS/graph_47.png,./modality/PROTEINS/graph_47.pkl,0
./modality/PROTEINS/graph_48.png,./modality/PROTEINS/graph_48.pkl,0
./modality/PROTEINS/graph_49.png,./modality/PROTEINS/graph_49.pkl,0
./modality/PROTEINS/graph_50.png,./modality/PROTEINS/graph_50.pkl,0
./modality/PROTEINS/graph_51.png,./modality/PROTEINS/graph_51.pkl,0
./modality/PROTEINS/graph_52.png,./modality/PROTEINS/graph_52.pkl,0
./modality/PROTEINS/graph_53.png,./modality/PROTEINS/graph_53.pkl,0
./modality/PROTEINS/graph_54.png,./modality/PROTEINS/graph_54.pkl,0
./modality/PROTEINS/graph_55.png,./modality/PROTEINS/graph_55.pkl,0
./modality/PROTEINS/graph_56.png,./modality/PROTEINS/graph_56.pkl,0
./modality/PROTEINS/graph_57.png,./modality/PROTEINS/graph_57.pkl,0
./modality/PROTEINS/graph_58.png,./modality/PROTEINS/graph_58.pkl,0
./modality/PROTEINS/graph_59.png,./modality/PROTEINS/graph_59.pkl,0
./modality/PROTEINS/graph_60.png,./modality/PROTEINS/graph_60.pkl,0
./modality/PROTEINS/graph_61.png,./modality/PROTEINS/graph_61.pkl,0
./modality/PROTEINS/graph_62.png,./modality/PROTEINS/graph_62.pkl,0
./modality/PROTEINS/graph_63.png,./modality/PROTEINS/graph_63.pkl,0
./modality/PROTEINS/graph_64.png,./modality/PROTEINS/graph_64.pkl,0
./modality/PROTEINS/graph_65.png,./modality/PROTEINS/graph_65.pkl,0
./modality/PROTEINS/graph_66.png,./modality/PROTEINS/graph_66.pkl,0
./modality/PROTEINS/graph_67.png,./modality/PROTEINS/graph_67.pkl,0
./modality/PROTEINS/graph_68.png,./modality/PROTEINS/graph_68.pkl,0
./modality/PROTEINS/graph_69.png,./modality/PROTEINS/graph_69.pkl,0
./modality/PROTEINS/graph_70.png,./modality/PROTEINS/graph_70.pkl,0
./modality/PROTEINS/graph_71.png,./modality/PROTEINS/graph_71.pkl,0
./modality/PROTEINS/graph_72.png,./modality/PROTEINS/graph_72.pkl,0
./modality/PROTEINS/graph_73.png,./modality/PROTEINS/graph_73.pkl,0
./modality/PROTEINS/graph_74.png,./modality/PROTEINS/graph_74.pkl,0
./modality/PROTEINS/graph_75.png,./modality/PROTEINS/graph_75.pkl,0
./modality/PROTEINS/graph_76.png,./modality/PROTEINS/graph_76.pkl,0
./modality/PROTEINS/graph_77.png,./modality/PROTEINS/graph_77.pkl,0
./modality/PROTEINS/graph_78.png,./modality/PROTEINS/graph_78.pkl,0
./modality/PROTEINS/graph_79.png,./modality/PROTEINS/graph_79.pkl,0
./modality/PROTEINS/graph_80.png,./modality/PROTEINS/graph_80.pkl,0
./modality/PROTEINS/graph_81.png,./modality/PROTEINS/graph_81.pkl,0
./modality/PROTEINS/graph_82.png,./modality/PROTEINS/graph_82.pkl,0
./modality/PROTEINS/graph_83.png,./modality/PROTEINS/graph_83.pkl,0
./modality/PROTEINS/graph_84.png,./modality/PROTEINS/graph_84.pkl,0
./modality/PROTEINS/graph_85.png,./modality/PROTEINS/graph_85.pkl,0
./modality/PROTEINS/graph_86.png,./modality/PROTEINS/graph_86.pkl,0
./modality/PROTEINS/graph_87.png,./modality/PROTEINS/graph_87.pkl,0
./modality/PROTEINS/graph_88.png,./modality/PROTEINS/graph_88.pkl,0
./modality/PROTEINS/graph_89.png,./modality/PROTEINS/graph_89.pkl,0
./modality/PROTEINS/graph_90.png,./modality/PROTEINS/graph_90.pkl,0
./modality/PROTEINS/graph_91.png,./modality/PROTEINS/graph_91.pkl,0
./modality/PROTEINS/graph_92.png,./modality/PROTEINS/graph_92.pkl,0
./modality/PROTEINS/graph_93.png,./modality/PROTEINS/graph_93.pkl,0
./modality/PROTEINS/graph_94.png,./modality/PROTEINS/graph_94.pkl,0
./modality/PROTEINS/graph_95.png,./modality/PROTEINS/graph_95.pkl,0
./modality/PROTEINS/graph_96.png,./modality/PROTEINS/graph_96.pkl,0
./modality/PROTEINS/graph_97.png,./modality/PROTEINS/graph_97.pkl,0
./modality/PROTEINS/graph_98.png,./modality/PROTEINS/graph_98.pkl,0
./modality/PROTEINS/graph_99.png,./modality/PROTEINS/graph_99.pkl,0
./modality/PROTEINS/graph_100.png,./modality/PROTEINS/graph_100.pkl,0
./modality/PROTEINS/graph_101.png,./modality/PROTEINS/graph_101.pkl,0
./modality/PROTEINS/graph_102.png,./modality/PROTEINS/graph_102.pkl,0
./modality/PROTEINS/graph_103.png,./modality/PROTEINS/graph_103.pkl,0
./modality/PROTEINS/graph_104.png,./modality/PROTEINS/graph_104.pkl,0
./modality/PROTEINS/graph_105.png,./modality/PROTEINS/graph_105.pkl,0
./modality/PROTEINS/graph_106.png,./modality/PROTEINS/graph_106.pkl,0
./modality/PROTEINS/graph_107.png,./modality/PROTEINS/graph_107.pkl,0
./modality/PROTEINS/graph_108.png,./modality/PROTEINS/graph_108.pkl,0
./modality/PROTEINS/graph_109.png,./modality/PROTEINS/graph_109.pkl,0
./modality/PROTEINS/graph_110.png,./modality/PROTEINS/graph_110.pkl,0
./modality/PROTEINS/graph_111.png,./modality/PROTEINS/graph_111.pkl,0
./modality/PROTEINS/graph_112.png,./modality/PROTEINS/graph_112.pkl,0
./modality/PROTEINS/graph_113.png,./modality/PROTEINS/graph_113.pkl,0
./modality/PROTEINS/graph_114.png,./modality/PROTEINS/graph_114.pkl,0
./modality/PROTEINS/graph_115.png,./modality/PROTEINS/graph_115.pkl,0
./modality/PROTEINS/graph_116.png,./modality/PROTEINS/graph_116.pkl,0
./modality/PROTEINS/graph_117.png,./modality/PROTEINS/graph_117.pkl,0
./modality/PROTEINS/graph_118.png,./modality/PROTEINS/graph_118.pkl,0
./modality/PROTEINS/graph_119.png,./modality/PROTEINS/graph_119.pkl,0
./modality/PROTEINS/graph_120.png,./modality/PROTEINS/graph_120.pkl,0
./modality/PROTEINS/graph_121.png,./modality/PROTEINS/graph_121.pkl,0
./modality/PROTEINS/graph_122.png,./modality/PROTEINS/graph_122.pkl,0
./modality/PROTEINS/graph_123.png,./modality/PROTEINS/graph_123.pkl,0
./modality/PROTEINS/graph_124.png,./modality/PROTEINS/graph_124.pkl,0
./modality/PROTEINS/graph_125.png,./modality/PROTEINS/graph_125.pkl,0
./modality/PROTEINS/graph_126.png,./modality/PROTEINS/graph_126.pkl,0
./modality/PROTEINS/graph_127.png,./modality/PROTEINS/graph_127.pkl,0
./modality/PROTEINS/graph_128.png,./modality/PROTEINS/graph_128.pkl,0
./modality/PROTEINS/graph_129.png,./modality/PROTEINS/graph_129.pkl,0
./modality/PROTEINS/graph_130.png,./modality/PROTEINS/graph_130.pkl,0
./modality/PROTEINS/graph_131.png,./modality/PROTEINS/graph_131.pkl,0
./modality/PROTEINS/graph_132.png,./modality/PROTEINS/graph_132.pkl,0
./modality/PROTEINS/graph_133.png,./modality/PROTEINS/graph_133.pkl,0
./modality/PROTEINS/graph_134.png,./modality/PROTEINS/graph_134.pkl,0
./modality/PROTEINS/graph_135.png,./modality/PROTEINS/graph_135.pkl,0
./modality/PROTEINS/graph_136.png,./modality/PROTEINS/graph_136.pkl,0
./modality/PROTEINS/graph_137.png,./modality/PROTEINS/graph_137.pkl,0
./modality/PROTEINS/graph_138.png,./modality/PROTEINS/graph_138.pkl,0
./modality/PROTEINS/graph_139.png,./modality/PROTEINS/graph_139.pkl,0
./modality/PROTEINS/graph_140.png,./modality/PROTEINS/graph_140.pkl,0
./modality/PROTEINS/graph_141.png,./modality/PROTEINS/graph_141.pkl,0
./modality/PROTEINS/graph_142.png,./modality/PROTEINS/graph_142.pkl,0
./modality/PROTEINS/graph_143.png,./modality/PROTEINS/graph_143.pkl,0
./modality/PROTEINS/graph_144.png,./modality/PROTEINS/graph_144.pkl,0
./modality/PROTEINS/graph_145.png,./modality/PROTEINS/graph_145.pkl,0
./modality/PROTEINS/graph_146.png,./modality/PROTEINS/graph_146.pkl,0
./modality/PROTEINS/graph_147.png,./modality/PROTEINS/graph_147.pkl,0
./modality/PROTEINS/graph_148.png,./modality/PROTEINS/graph_148.pkl,0
./modality/PROTEINS/graph_149.png,./modality/PROTEINS/graph_149.pkl,0
./modality/PROTEINS/graph_150.png,./modality/PROTEINS/graph_150.pkl,0
./modality/PROTEINS/graph_151.png,./modality/PROTEINS/graph_151.pkl,0
./modality/PROTEINS/graph_152.png,./modality/PROTEINS/graph_152.pkl,0
./modality/PROTEINS/graph_153.png,./modality/PROTEINS/graph_153.pkl,0
./modality/PROTEINS/graph_154.png,./modality/PROTEINS/graph_154.pkl,0
./modality/PROTEINS/graph_155.png,./modality/PROTEINS/graph_155.pkl,0
./modality/PROTEINS/graph_156.png,./modality/PROTEINS/graph_156.pkl,0
./modality/PROTEINS/graph_157.png,./modality/PROTEINS/graph_157.pkl,0
./modality/PROTEINS/graph_158.png,./modality/PROTEINS/graph_158.pkl,0
./modality/PROTEINS/graph_159.png,./modality/PROTEINS/graph_159.pkl,0
./modality/PROTEINS/graph_160.png,./modality/PROTEINS/graph_160.pkl,0
./modality/PROTEINS/graph_161.png,./modality/PROTEINS/graph_161.pkl,0
./modality/PROTEINS/graph_162.png,./modality/PROTEINS/graph_162.pkl,0
./modality/PROTEINS/graph_163.png,./modality/PROTEINS/graph_163.pkl,0
./modality/PROTEINS/graph_164.png,./modality/PROTEINS/graph_164.pkl,0
./modality/PROTEINS/graph_165.png,./modality/PROTEINS/graph_165.pkl,0
./modality/PROTEINS/graph_166.png,./modality/PROTEINS/graph_166.pkl,0
./modality/PROTEINS/graph_167.png,./modality/PROTEINS/graph_167.pkl,0
./modality/PROTEINS/graph_168.png,./modality/PROTEINS/graph_168.pkl,0
./modality/PROTEINS/graph_169.png,./modality/PROTEINS/graph_169.pkl,0
./modality/PROTEINS/graph_170.png,./modality/PROTEINS/graph_170.pkl,0
./modality/PROTEINS/graph_171.png,./modality/PROTEINS/graph_171.pkl,0
./modality/PROTEINS/graph_172.png,./modality/PROTEINS/graph_172.pkl,0
./modality/PROTEINS/graph_173.png,./modality/PROTEINS/graph_173.pkl,0
./modality/PROTEINS/graph_174.png,./modality/PROTEINS/graph_174.pkl,0
./modality/PROTEINS/graph_175.png,./modality/PROTEINS/graph_175.pkl,0
./modality/PROTEINS/graph_176.png,./modality/PROTEINS/graph_176.pkl,0
./modality/PROTEINS/graph_177.png,./modality/PROTEINS/graph_177.pkl,0
./modality/PROTEINS/graph_178.png,./modality/PROTEINS/graph_178.pkl,0
./modality/PROTEINS/graph_179.png,./modality/PROTEINS/graph_179.pkl,0
./modality/PROTEINS/graph_180.png,./modality/PROTEINS/graph_180.pkl,0
./modality/PROTEINS/graph_181.png,./modality/PROTEINS/graph_181.pkl,0
./modality/PROTEINS/graph_182.png,./modality/PROTEINS/graph_182.pkl,0
./modality/PROTEINS/graph_183.png,./modality/PROTEINS/graph_183.pkl,0
./modality/PROTEINS/graph_184.png,./modality/PROTEINS/graph_184.pkl,0
./modality/PROTEINS/graph_185.png,./modality/PROTEINS/graph_185.pkl,0
./modality/PROTEINS/graph_186.png,./modality/PROTEINS/graph_186.pkl,0
./modality/PROTEINS/graph_187.png,./modality/PROTEINS/graph_187.pkl,0
./modality/PROTEINS/graph_188.png,./modality/PROTEINS/graph_188.pkl,0
./modality/PROTEINS/graph_189.png,./modality/PROTEINS/graph_189.pkl,0
./modality/PROTEINS/graph_190.png,./modality/PROTEINS/graph_190.pkl,0
./modality/PROTEINS/graph_191.png,./modality/PROTEINS/graph_191.pkl,0
./modality/PROTEINS/graph_192.png,./modality/PROTEINS/graph_192.pkl,0
./modality/PROTEINS/graph_193.png,./modality/PROTEINS/graph_193.pkl,0
./modality/PROTEINS/graph_194.png,./modality/PROTEINS/graph_194.pkl,0
./modality/PROTEINS/graph_195.png,./modality/PROTEINS/graph_195.pkl,0
./modality/PROTEINS/graph_196.png,./modality/PROTEINS/graph_196.pkl,0
./modality/PROTEINS/graph_197.png,./modality/PROTEINS/graph_197.pkl,0
./modality/PROTEINS/graph_198.png,./modality/PROTEINS/graph_198.pkl,0
./modality/PROTEINS/graph_199.png,./modality/PROTEINS/graph_199.pkl,0
./modality/PROTEINS/graph_200.png,./modality/PROTEINS/graph_200.pkl,0
./modality/PROTEINS/graph_201.png,./modality/PROTEINS/graph_201.pkl,0
./modality/PROTEINS/graph_202.png,./modality/PROTEINS/graph_202.pkl,0
./modality/PROTEINS/graph_203.png,./modality/PROTEINS/graph_203.pkl,0
./modality/PROTEINS/graph_204.png,./modality/PROTEINS/graph_204.pkl,0
./modality/PROTEINS/graph_205.png,./modality/PROTEINS/graph_205.pkl,0
./modality/PROTEINS/graph_206.png,./modality/PROTEINS/graph_206.pkl,0
./modality/PROTEINS/graph_207.png,./modality/PROTEINS/graph_207.pkl,0
./modality/PROTEINS/graph_208.png,./modality/PROTEINS/graph_208.pkl,0
./modality/PROTEINS/graph_209.png,./modality/PROTEINS/graph_209.pkl,0
./modality/PROTEINS/graph_210.png,./modality/PROTEINS/graph_210.pkl,0
./modality/PROTEINS/graph_211.png,./modality/PROTEINS/graph_211.pkl,0
./modality/PROTEINS/graph_212.png,./modality/PROTEINS/graph_212.pkl,0
./modality/PROTEINS/graph_213.png,./modality/PROTEINS/graph_213.pkl,0
./modality/PROTEINS/graph_214.png,./modality/PROTEINS/graph_214.pkl,0
./modality/PROTEINS/graph_215.png,./modality/PROTEINS/graph_215.pkl,0
./modality/PROTEINS/graph_216.png,./modality/PROTEINS/graph_216.pkl,0
./modality/PROTEINS/graph_217.png,./modality/PROTEINS/graph_217.pkl,0
./modality/PROTEINS/graph_218.png,./modality/PROTEINS/graph_218.pkl,0
./modality/PROTEINS/graph_219.png,./modality/PROTEINS/graph_219.pkl,0
./modality/PROTEINS/graph_220.png,./modality/PROTEINS/graph_220.pkl,0
./modality/PROTEINS/graph_221.png,./modality/PROTEINS/graph_221.pkl,0
./modality/PROTEINS/graph_222.png,./modality/PROTEINS/graph_222.pkl,0
./modality/PROTEINS/graph_223.png,./modality/PROTEINS/graph_223.pkl,0
./modality/PROTEINS/graph_224.png,./modality/PROTEINS/graph_224.pkl,0
./modality/PROTEINS/graph_225.png,./modality/PROTEINS/graph_225.pkl,0
./modality/PROTEINS/graph_226.png,./modality/PROTEINS/graph_226.pkl,0
./modality/PROTEINS/graph_227.png,./modality/PROTEINS/graph_227.pkl,0
./modality/PROTEINS/graph_228.png,./modality/PROTEINS/graph_228.pkl,0
./modality/PROTEINS/graph_229.png,./modality/PROTEINS/graph_229.pkl,0
./modality/PROTEINS/graph_230.png,./modality/PROTEINS/graph_230.pkl,0
./modality/PROTEINS/graph_231.png,./modality/PROTEINS/graph_231.pkl,0
./modality/PROTEINS/graph_232.png,./modality/PROTEINS/graph_232.pkl,0
./modality/PROTEINS/graph_233.png,./modality/PROTEINS/graph_233.pkl,0
./modality/PROTEINS/graph_234.png,./modality/PROTEINS/graph_234.pkl,0
./modality/PROTEINS/graph_235.png,./modality/PROTEINS/graph_235.pkl,0
./modality/PROTEINS/graph_236.png,./modality/PROTEINS/graph_236.pkl,0
./modality/PROTEINS/graph_237.png,./modality/PROTEINS/graph_237.pkl,0
./modality/PROTEINS/graph_238.png,./modality/PROTEINS/graph_238.pkl,0
./modality/PROTEINS/graph_239.png,./modality/PROTEINS/graph_239.pkl,0
./modality/PROTEINS/graph_240.png,./modality/PROTEINS/graph_240.pkl,0
./modality/PROTEINS/graph_241.png,./modality/PROTEINS/graph_241.pkl,0
./modality/PROTEINS/graph_242.png,./modality/PROTEINS/graph_242.pkl,0
./modality/PROTEINS/graph_243.png,./modality/PROTEINS/graph_243.pkl,0
./modality/PROTEINS/graph_244.png,./modality/PROTEINS/graph_244.pkl,0
./modality/PROTEINS/graph_245.png,./modality/PROTEINS/graph_245.pkl,0
./modality/PROTEINS/graph_246.png,./modality/PROTEINS/graph_246.pkl,0
./modality/PROTEINS/graph_247.png,./modality/PROTEINS/graph_247.pkl,0
./modality/PROTEINS/graph_248.png,./modality/PROTEINS/graph_248.pkl,0
./modality/PROTEINS/graph_249.png,./modality/PROTEINS/graph_249.pkl,0
./modality/PROTEINS/graph_250.png,./modality/PROTEINS/graph_250.pkl,0
./modality/PROTEINS/graph_251.png,./modality/PROTEINS/graph_251.pkl,0
./modality/PROTEINS/graph_252.png,./modality/PROTEINS/graph_252.pkl,0
./modality/PROTEINS/graph_253.png,./modality/PROTEINS/graph_253.pkl,0
./modality/PROTEINS/graph_254.png,./modality/PROTEINS/graph_254.pkl,0
./modality/PROTEINS/graph_255.png,./modality/PROTEINS/graph_255.pkl,0
./modality/PROTEINS/graph_256.png,./modality/PROTEINS/graph_256.pkl,0
./modality/PROTEINS/graph_257.png,./modality/PROTEINS/graph_257.pkl,0
./modality/PROTEINS/graph_258.png,./modality/PROTEINS/graph_258.pkl,0
./modality/PROTEINS/graph_259.png,./modality/PROTEINS/graph_259.pkl,0
./modality/PROTEINS/graph_260.png,./modality/PROTEINS/graph_260.pkl,0
./modality/PROTEINS/graph_261.png,./modality/PROTEINS/graph_261.pkl,0
./modality/PROTEINS/graph_262.png,./modality/PROTEINS/graph_262.pkl,0
./modality/PROTEINS/graph_263.png,./modality/PROTEINS/graph_263.pkl,0
./modality/PROTEINS/graph_264.png,./modality/PROTEINS/graph_264.pkl,0
./modality/PROTEINS/graph_265.png,./modality/PROTEINS/graph_265.pkl,0
./modality/PROTEINS/graph_266.png,./modality/PROTEINS/graph_266.pkl,0
./modality/PROTEINS/graph_267.png,./modality/PROTEINS/graph_267.pkl,0
./modality/PROTEINS/graph_268.png,./modality/PROTEINS/graph_268.pkl,0
./modality/PROTEINS/graph_269.png,./modality/PROTEINS/graph_269.pkl,0
./modality/PROTEINS/graph_270.png,./modality/PROTEINS/graph_270.pkl,0
./modality/PROTEINS/graph_271.png,./modality/PROTEINS/graph_271.pkl,0
./modality/PROTEINS/graph_272.png,./modality/PROTEINS/graph_272.pkl,0
./modality/PROTEINS/graph_273.png,./modality/PROTEINS/graph_273.pkl,0
./modality/PROTEINS/graph_274.png,./modality/PROTEINS/graph_274.pkl,0
./modality/PROTEINS/graph_275.png,./modality/PROTEINS/graph_275.pkl,0
./modality/PROTEINS/graph_276.png,./modality/PROTEINS/graph_276.pkl,0
./modality/PROTEINS/graph_277.png,./modality/PROTEINS/graph_277.pkl,0
./modality/PROTEINS/graph_278.png,./modality/PROTEINS/graph_278.pkl,0
./modality/PROTEINS/graph_279.png,./modality/PROTEINS/graph_279.pkl,0
./modality/PROTEINS/graph_280.png,./modality/PROTEINS/graph_280.pkl,0
./modality/PROTEINS/graph_281.png,./modality/PROTEINS/graph_281.pkl,0
./modality/PROTEINS/graph_282.png,./modality/PROTEINS/graph_282.pkl,0
./modality/PROTEINS/graph_283.png,./modality/PROTEINS/graph_283.pkl,0
./modality/PROTEINS/graph_284.png,./modality/PROTEINS/graph_284.pkl,0
./modality/PROTEINS/graph_285.png,./modality/PROTEINS/graph_285.pkl,0
./modality/PROTEINS/graph_286.png,./modality/PROTEINS/graph_286.pkl,0
./modality/PROTEINS/graph_287.png,./modality/PROTEINS/graph_287.pkl,0
./modality/PROTEINS/graph_288.png,./modality/PROTEINS/graph_288.pkl,0
./modality/PROTEINS/graph_289.png,./modality/PROTEINS/graph_289.pkl,0
./modality/PROTEINS/graph_290.png,./modality/PROTEINS/graph_290.pkl,0
./modality/PROTEINS/graph_291.png,./modality/PROTEINS/graph_291.pkl,0
./modality/PROTEINS/graph_292.png,./modality/PROTEINS/graph_292.pkl,0
./modality/PROTEINS/graph_293.png,./modality/PROTEINS/graph_293.pkl,0
./modality/PROTEINS/graph_294.png,./modality/PROTEINS/graph_294.pkl,0
./modality/PROTEINS/graph_295.png,./modality/PROTEINS/graph_295.pkl,0
./modality/PROTEINS/graph_296.png,./modality/PROTEINS/graph_296.pkl,0
./modality/PROTEINS/graph_297.png,./modality/PROTEINS/graph_297.pkl,0
./modality/PROTEINS/graph_298.png,./modality/PROTEINS/graph_298.pkl,0
./modality/PROTEINS/graph_299.png,./modality/PROTEINS/graph_299.pkl,0
./modality/PROTEINS/graph_300.png,./modality/PROTEINS/graph_300.pkl,0
./modality/PROTEINS/graph_301.png,./modality/PROTEINS/graph_301.pkl,0
./modality/PROTEINS/graph_302.png,./modality/PROTEINS/graph_302.pkl,0
./modality/PROTEINS/graph_303.png,./modality/PROTEINS/graph_303.pkl,0
./modality/PROTEINS/graph_304.png,./modality/PROTEINS/graph_304.pkl,0
./modality/PROTEINS/graph_305.png,./modality/PROTEINS/graph_305.pkl,0
./modality/PROTEINS/graph_306.png,./modality/PROTEINS/graph_306.pkl,0
./modality/PROTEINS/graph_307.png,./modality/PROTEINS/graph_307.pkl,0
./modality/PROTEINS/graph_308.png,./modality/PROTEINS/graph_308.pkl,0
./modality/PROTEINS/graph_309.png,./modality/PROTEINS/graph_309.pkl,0
./modality/PROTEINS/graph_310.png,./modality/PROTEINS/graph_310.pkl,0
./modality/PROTEINS/graph_311.png,./modality/PROTEINS/graph_311.pkl,0
./modality/PROTEINS/graph_312.png,./modality/PROTEINS/graph_312.pkl,0
./modality/PROTEINS/graph_313.png,./modality/PROTEINS/graph_313.pkl,0
./modality/PROTEINS/graph_314.png,./modality/PROTEINS/graph_314.pkl,0
./modality/PROTEINS/graph_315.png,./modality/PROTEINS/graph_315.pkl,0
./modality/PROTEINS/graph_316.png,./modality/PROTEINS/graph_316.pkl,0
./modality/PROTEINS/graph_317.png,./modality/PROTEINS/graph_317.pkl,0
./modality/PROTEINS/graph_318.png,./modality/PROTEINS/graph_318.pkl,0
./modality/PROTEINS/graph_319.png,./modality/PROTEINS/graph_319.pkl,0
./modality/PROTEINS/graph_320.png,./modality/PROTEINS/graph_320.pkl,0
./modality/PROTEINS/graph_321.png,./modality/PROTEINS/graph_321.pkl,0
./modality/PROTEINS/graph_322.png,./modality/PROTEINS/graph_322.pkl,0
./modality/PROTEINS/graph_323.png,./modality/PROTEINS/graph_323.pkl,0
./modality/PROTEINS/graph_324.png,./modality/PROTEINS/graph_324.pkl,0
./modality/PROTEINS/graph_325.png,./modality/PROTEINS/graph_325.pkl,0
./modality/PROTEINS/graph_326.png,./modality/PROTEINS/graph_326.pkl,0
./modality/PROTEINS/graph_327.png,./modality/PROTEINS/graph_327.pkl,0
./modality/PROTEINS/graph_328.png,./modality/PROTEINS/graph_328.pkl,0
./modality/PROTEINS/graph_329.png,./modality/PROTEINS/graph_329.pkl,0
./modality/PROTEINS/graph_330.png,./modality/PROTEINS/graph_330.pkl,0
./modality/PROTEINS/graph_331.png,./modality/PROTEINS/graph_331.pkl,0
./modality/PROTEINS/graph_332.png,./modality/PROTEINS/graph_332.pkl,0
./modality/PROTEINS/graph_333.png,./modality/PROTEINS/graph_333.pkl,0
./modality/PROTEINS/graph_334.png,./modality/PROTEINS/graph_334.pkl,0
./modality/PROTEINS/graph_335.png,./modality/PROTEINS/graph_335.pkl,0
./modality/PROTEINS/graph_336.png,./modality/PROTEINS/graph_336.pkl,0
./modality/PROTEINS/graph_337.png,./modality/PROTEINS/graph_337.pkl,0
./modality/PROTEINS/graph_338.png,./modality/PROTEINS/graph_338.pkl,0
./modality/PROTEINS/graph_339.png,./modality/PROTEINS/graph_339.pkl,0
./modality/PROTEINS/graph_340.png,./modality/PROTEINS/graph_340.pkl,0
./modality/PROTEINS/graph_341.png,./modality/PROTEINS/graph_341.pkl,0
./modality/PROTEINS/graph_342.png,./modality/PROTEINS/graph_342.pkl,0
./modality/PROTEINS/graph_343.png,./modality/PROTEINS/graph_343.pkl,0
./modality/PROTEINS/graph_344.png,./modality/PROTEINS/graph_344.pkl,0
./modality/PROTEINS/graph_345.png,./modality/PROTEINS/graph_345.pkl,0
./modality/PROTEINS/graph_346.png,./modality/PROTEINS/graph_346.pkl,0
./modality/PROTEINS/graph_347.png,./modality/PROTEINS/graph_347.pkl,0
./modality/PROTEINS/graph_348.png,./modality/PROTEINS/graph_348.pkl,0
./modality/PROTEINS/graph_349.png,./modality/PROTEINS/graph_349.pkl,0
./modality/PROTEINS/graph_350.png,./modality/PROTEINS/graph_350.pkl,0
./modality/PROTEINS/graph_351.png,./modality/PROTEINS/graph_351.pkl,0
./modality/PROTEINS/graph_352.png,./modality/PROTEINS/graph_352.pkl,0
./modality/PROTEINS/graph_353.png,./modality/PROTEINS/graph_353.pkl,0
./modality/PROTEINS/graph_354.png,./modality/PROTEINS/graph_354.pkl,0
./modality/PROTEINS/graph_355.png,./modality/PROTEINS/graph_355.pkl,0
./modality/PROTEINS/graph_356.png,./modality/PROTEINS/graph_356.pkl,0
./modality/PROTEINS/graph_357.png,./modality/PROTEINS/graph_357.pkl,0
./modality/PROTEINS/graph_358.png,./modality/PROTEINS/graph_358.pkl,0
./modality/PROTEINS/graph_359.png,./modality/PROTEINS/graph_359.pkl,0
./modality/PROTEINS/graph_360.png,./modality/PROTEINS/graph_360.pkl,0
./modality/PROTEINS/graph_361.png,./modality/PROTEINS/graph_361.pkl,0
./modality/PROTEINS/graph_362.png,./modality/PROTEINS/graph_362.pkl,0
./modality/PROTEINS/graph_363.png,./modality/PROTEINS/graph_363.pkl,0
./modality/PROTEINS/graph_364.png,./modality/PROTEINS/graph_364.pkl,0
./modality/PROTEINS/graph_365.png,./modality/PROTEINS/graph_365.pkl,0
./modality/PROTEINS/graph_366.png,./modality/PROTEINS/graph_366.pkl,0
./modality/PROTEINS/graph_367.png,./modality/PROTEINS/graph_367.pkl,0
./modality/PROTEINS/graph_368.png,./modality/PROTEINS/graph_368.pkl,0
./modality/PROTEINS/graph_369.png,./modality/PROTEINS/graph_369.pkl,0
./modality/PROTEINS/graph_370.png,./modality/PROTEINS/graph_370.pkl,0
./modality/PROTEINS/graph_371.png,./modality/PROTEINS/graph_371.pkl,0
./modality/PROTEINS/graph_372.png,./modality/PROTEINS/graph_372.pkl,0
./modality/PROTEINS/graph_373.png,./modality/PROTEINS/graph_373.pkl,0
./modality/PROTEINS/graph_374.png,./modality/PROTEINS/graph_374.pkl,0
./modality/PROTEINS/graph_375.png,./modality/PROTEINS/graph_375.pkl,0
./modality/PROTEINS/graph_376.png,./modality/PROTEINS/graph_376.pkl,0
./modality/PROTEINS/graph_377.png,./modality/PROTEINS/graph_377.pkl,0
./modality/PROTEINS/graph_378.png,./modality/PROTEINS/graph_378.pkl,0
./modality/PROTEINS/graph_379.png,./modality/PROTEINS/graph_379.pkl,0
./modality/PROTEINS/graph_380.png,./modality/PROTEINS/graph_380.pkl,0
./modality/PROTEINS/graph_381.png,./modality/PROTEINS/graph_381.pkl,0
./modality/PROTEINS/graph_382.png,./modality/PROTEINS/graph_382.pkl,0
./modality/PROTEINS/graph_383.png,./modality/PROTEINS/graph_383.pkl,0
./modality/PROTEINS/graph_384.png,./modality/PROTEINS/graph_384.pkl,0
./modality/PROTEINS/graph_385.png,./modality/PROTEINS/graph_385.pkl,0
./modality/PROTEINS/graph_386.png,./modality/PROTEINS/graph_386.pkl,0
./modality/PROTEINS/graph_387.png,./modality/PROTEINS/graph_387.pkl,0
./modality/PROTEINS/graph_388.png,./modality/PROTEINS/graph_388.pkl,0
./modality/PROTEINS/graph_389.png,./modality/PROTEINS/graph_389.pkl,0
./modality/PROTEINS/graph_390.png,./modality/PROTEINS/graph_390.pkl,0
./modality/PROTEINS/graph_391.png,./modality/PROTEINS/graph_391.pkl,0
./modality/PROTEINS/graph_392.png,./modality/PROTEINS/graph_392.pkl,0
./modality/PROTEINS/graph_393.png,./modality/PROTEINS/graph_393.pkl,0
./modality/PROTEINS/graph_394.png,./modality/PROTEINS/graph_394.pkl,0
./modality/PROTEINS/graph_395.png,./modality/PROTEINS/graph_395.pkl,0
./modality/PROTEINS/graph_396.png,./modality/PROTEINS/graph_396.pkl,0
./modality/PROTEINS/graph_397.png,./modality/PROTEINS/graph_397.pkl,0
./modality/PROTEINS/graph_398.png,./modality/PROTEINS/graph_398.pkl,0
./modality/PROTEINS/graph_399.png,./modality/PROTEINS/graph_399.pkl,0
./modality/PROTEINS/graph_400.png,./modality/PROTEINS/graph_400.pkl,0
./modality/PROTEINS/graph_401.png,./modality/PROTEINS/graph_401.pkl,0
./modality/PROTEINS/graph_402.png,./modality/PROTEINS/graph_402.pkl,0
./modality/PROTEINS/graph_403.png,./modality/PROTEINS/graph_403.pkl,0
./modality/PROTEINS/graph_404.png,./modality/PROTEINS/graph_404.pkl,0
./modality/PROTEINS/graph_405.png,./modality/PROTEINS/graph_405.pkl,0
./modality/PROTEINS/graph_406.png,./modality/PROTEINS/graph_406.pkl,0
./modality/PROTEINS/graph_407.png,./modality/PROTEINS/graph_407.pkl,0
./modality/PROTEINS/graph_408.png,./modality/PROTEINS/graph_408.pkl,0
./modality/PROTEINS/graph_409.png,./modality/PROTEINS/graph_409.pkl,0
./modality/PROTEINS/graph_410.png,./modality/PROTEINS/graph_410.pkl,0
./modality/PROTEINS/graph_411.png,./modality/PROTEINS/graph_411.pkl,0
./modality/PROTEINS/graph_412.png,./modality/PROTEINS/graph_412.pkl,0
./modality/PROTEINS/graph_413.png,./modality/PROTEINS/graph_413.pkl,0
./modality/PROTEINS/graph_414.png,./modality/PROTEINS/graph_414.pkl,0
./modality/PROTEINS/graph_415.png,./modality/PROTEINS/graph_415.pkl,0
./modality/PROTEINS/graph_416.png,./modality/PROTEINS/graph_416.pkl,0
./modality/PROTEINS/graph_417.png,./modality/PROTEINS/graph_417.pkl,0
./modality/PROTEINS/graph_418.png,./modality/PROTEINS/graph_418.pkl,0
./modality/PROTEINS/graph_419.png,./modality/PROTEINS/graph_419.pkl,0
./modality/PROTEINS/graph_420.png,./modality/PROTEINS/graph_420.pkl,0
./modality/PROTEINS/graph_421.png,./modality/PROTEINS/graph_421.pkl,0
./modality/PROTEINS/graph_422.png,./modality/PROTEINS/graph_422.pkl,0
./modality/PROTEINS/graph_423.png,./modality/PROTEINS/graph_423.pkl,0
./modality/PROTEINS/graph_424.png,./modality/PROTEINS/graph_424.pkl,0
./modality/PROTEINS/graph_425.png,./modality/PROTEINS/graph_425.pkl,0
./modality/PROTEINS/graph_426.png,./modality/PROTEINS/graph_426.pkl,0
./modality/PROTEINS/graph_427.png,./modality/PROTEINS/graph_427.pkl,0
./modality/PROTEINS/graph_428.png,./modality/PROTEINS/graph_428.pkl,0
./modality/PROTEINS/graph_429.png,./modality/PROTEINS/graph_429.pkl,0
./modality/PROTEINS/graph_430.png,./modality/PROTEINS/graph_430.pkl,0
./modality/PROTEINS/graph_431.png,./modality/PROTEINS/graph_431.pkl,0
./modality/PROTEINS/graph_432.png,./modality/PROTEINS/graph_432.pkl,0
./modality/PROTEINS/graph_433.png,./modality/PROTEINS/graph_433.pkl,0
./modality/PROTEINS/graph_434.png,./modality/PROTEINS/graph_434.pkl,0
./modality/PROTEINS/graph_435.png,./modality/PROTEINS/graph_435.pkl,0
./modality/PROTEINS/graph_436.png,./modality/PROTEINS/graph_436.pkl,0
./modality/PROTEINS/graph_437.png,./modality/PROTEINS/graph_437.pkl,0
./modality/PROTEINS/graph_438.png,./modality/PROTEINS/graph_438.pkl,0
./modality/PROTEINS/graph_439.png,./modality/PROTEINS/graph_439.pkl,0
./modality/PROTEINS/graph_440.png,./modality/PROTEINS/graph_440.pkl,0
./modality/PROTEINS/graph_441.png,./modality/PROTEINS/graph_441.pkl,0
./modality/PROTEINS/graph_442.png,./modality/PROTEINS/graph_442.pkl,0
./modality/PROTEINS/graph_443.png,./modality/PROTEINS/graph_443.pkl,0
./modality/PROTEINS/graph_444.png,./modality/PROTEINS/graph_444.pkl,0
./modality/PROTEINS/graph_445.png,./modality/PROTEINS/graph_445.pkl,0
./modality/PROTEINS/graph_446.png,./modality/PROTEINS/graph_446.pkl,0
./modality/PROTEINS/graph_447.png,./modality/PROTEINS/graph_447.pkl,0
./modality/PROTEINS/graph_448.png,./modality/PROTEINS/graph_448.pkl,0
./modality/PROTEINS/graph_449.png,./modality/PROTEINS/graph_449.pkl,0
./modality/PROTEINS/graph_450.png,./modality/PROTEINS/graph_450.pkl,0
./modality/PROTEINS/graph_451.png,./modality/PROTEINS/graph_451.pkl,0
./modality/PROTEINS/graph_452.png,./modality/PROTEINS/graph_452.pkl,0
./modality/PROTEINS/graph_453.png,./modality/PROTEINS/graph_453.pkl,0
./modality/PROTEINS/graph_454.png,./modality/PROTEINS/graph_454.pkl,0
./modality/PROTEINS/graph_455.png,./modality/PROTEINS/graph_455.pkl,0
./modality/PROTEINS/graph_456.png,./modality/PROTEINS/graph_456.pkl,0
./modality/PROTEINS/graph_457.png,./modality/PROTEINS/graph_457.pkl,0
./modality/PROTEINS/graph_458.png,./modality/PROTEINS/graph_458.pkl,0
./modality/PROTEINS/graph_459.png,./modality/PROTEINS/graph_459.pkl,0
./modality/PROTEINS/graph_460.png,./modality/PROTEINS/graph_460.pkl,0
./modality/PROTEINS/graph_461.png,./modality/PROTEINS/graph_461.pkl,0
./modality/PROTEINS/graph_462.png,./modality/PROTEINS/graph_462.pkl,0
./modality/PROTEINS/graph_463.png,./modality/PROTEINS/graph_463.pkl,0
./modality/PROTEINS/graph_464.png,./modality/PROTEINS/graph_464.pkl,0
./modality/PROTEINS/graph_465.png,./modality/PROTEINS/graph_465.pkl,0
./modality/PROTEINS/graph_466.png,./modality/PROTEINS/graph_466.pkl,0
./modality/PROTEINS/graph_467.png,./modality/PROTEINS/graph_467.pkl,0
./modality/PROTEINS/graph_468.png,./modality/PROTEINS/graph_468.pkl,0
./modality/PROTEINS/graph_469.png,./modality/PROTEINS/graph_469.pkl,0
./modality/PROTEINS/graph_470.png,./modality/PROTEINS/graph_470.pkl,0
./modality/PROTEINS/graph_471.png,./modality/PROTEINS/graph_471.pkl,0
./modality/PROTEINS/graph_472.png,./modality/PROTEINS/graph_472.pkl,0
./modality/PROTEINS/graph_473.png,./modality/PROTEINS/graph_473.pkl,0
./modality/PROTEINS/graph_474.png,./modality/PROTEINS/graph_474.pkl,0
./modality/PROTEINS/graph_475.png,./modality/PROTEINS/graph_475.pkl,0
./modality/PROTEINS/graph_476.png,./modality/PROTEINS/graph_476.pkl,0
./modality/PROTEINS/graph_477.png,./modality/PROTEINS/graph_477.pkl,0
./modality/PROTEINS/graph_478.png,./modality/PROTEINS/graph_478.pkl,0
./modality/PROTEINS/graph_479.png,./modality/PROTEINS/graph_479.pkl,0
./modality/PROTEINS/graph_480.png,./modality/PROTEINS/graph_480.pkl,0
./modality/PROTEINS/graph_481.png,./modality/PROTEINS/graph_481.pkl,0
./modality/PROTEINS/graph_482.png,./modality/PROTEINS/graph_482.pkl,0
./modality/PROTEINS/graph_483.png,./modality/PROTEINS/graph_483.pkl,0
./modality/PROTEINS/graph_484.png,./modality/PROTEINS/graph_484.pkl,0
./modality/PROTEINS/graph_485.png,./modality/PROTEINS/graph_485.pkl,0
./modality/PROTEINS/graph_486.png,./modality/PROTEINS/graph_486.pkl,0
./modality/PROTEINS/graph_487.png,./modality/PROTEINS/graph_487.pkl,0
./modality/PROTEINS/graph_488.png,./modality/PROTEINS/graph_488.pkl,0
./modality/PROTEINS/graph_489.png,./modality/PROTEINS/graph_489.pkl,0
./modality/PROTEINS/graph_490.png,./modality/PROTEINS/graph_490.pkl,0
./modality/PROTEINS/graph_491.png,./modality/PROTEINS/graph_491.pkl,0
./modality/PROTEINS/graph_492.png,./modality/PROTEINS/graph_492.pkl,0
./modality/PROTEINS/graph_493.png,./modality/PROTEINS/graph_493.pkl,0
./modality/PROTEINS/graph_494.png,./modality/PROTEINS/graph_494.pkl,0
./modality/PROTEINS/graph_495.png,./modality/PROTEINS/graph_495.pkl,0
./modality/PROTEINS/graph_496.png,./modality/PROTEINS/graph_496.pkl,0
./modality/PROTEINS/graph_497.png,./modality/PROTEINS/graph_497.pkl,0
./modality/PROTEINS/graph_498.png,./modality/PROTEINS/graph_498.pkl,0
./modality/PROTEINS/graph_499.png,./modality/PROTEINS/graph_499.pkl,0
./modality/PROTEINS/graph_500.png,./modality/PROTEINS/graph_500.pkl,0
./modality/PROTEINS/graph_501.png,./modality/PROTEINS/graph_501.pkl,0
./modality/PROTEINS/graph_502.png,./modality/PROTEINS/graph_502.pkl,0
./modality/PROTEINS/graph_503.png,./modality/PROTEINS/graph_503.pkl,0
./modality/PROTEINS/graph_504.png,./modality/PROTEINS/graph_504.pkl,0
./modality/PROTEINS/graph_505.png,./modality/PROTEINS/graph_505.pkl,0
./modality/PROTEINS/graph_506.png,./modality/PROTEINS/graph_506.pkl,0
./modality/PROTEINS/graph_507.png,./modality/PROTEINS/graph_507.pkl,0
./modality/PROTEINS/graph_508.png,./modality/PROTEINS/graph_508.pkl,0
./modality/PROTEINS/graph_509.png,./modality/PROTEINS/graph_509.pkl,0
./modality/PROTEINS/graph_510.png,./modality/PROTEINS/graph_510.pkl,0
./modality/PROTEINS/graph_511.png,./modality/PROTEINS/graph_511.pkl,0
./modality/PROTEINS/graph_512.png,./modality/PROTEINS/graph_512.pkl,0
./modality/PROTEINS/graph_513.png,./modality/PROTEINS/graph_513.pkl,0
./modality/PROTEINS/graph_514.png,./modality/PROTEINS/graph_514.pkl,0
./modality/PROTEINS/graph_515.png,./modality/PROTEINS/graph_515.pkl,0
./modality/PROTEINS/graph_516.png,./modality/PROTEINS/graph_516.pkl,0
./modality/PROTEINS/graph_517.png,./modality/PROTEINS/graph_517.pkl,0
./modality/PROTEINS/graph_518.png,./modality/PROTEINS/graph_518.pkl,0
./modality/PROTEINS/graph_519.png,./modality/PROTEINS/graph_519.pkl,0
./modality/PROTEINS/graph_520.png,./modality/PROTEINS/graph_520.pkl,0
./modality/PROTEINS/graph_521.png,./modality/PROTEINS/graph_521.pkl,0
./modality/PROTEINS/graph_522.png,./modality/PROTEINS/graph_522.pkl,0
./modality/PROTEINS/graph_523.png,./modality/PROTEINS/graph_523.pkl,0
./modality/PROTEINS/graph_524.png,./modality/PROTEINS/graph_524.pkl,0
./modality/PROTEINS/graph_525.png,./modality/PROTEINS/graph_525.pkl,0
./modality/PROTEINS/graph_526.png,./modality/PROTEINS/graph_526.pkl,0
./modality/PROTEINS/graph_527.png,./modality/PROTEINS/graph_527.pkl,0
./modality/PROTEINS/graph_528.png,./modality/PROTEINS/graph_528.pkl,0
./modality/PROTEINS/graph_529.png,./modality/PROTEINS/graph_529.pkl,0
./modality/PROTEINS/graph_530.png,./modality/PROTEINS/graph_530.pkl,0
./modality/PROTEINS/graph_531.png,./modality/PROTEINS/graph_531.pkl,0
./modality/PROTEINS/graph_532.png,./modality/PROTEINS/graph_532.pkl,0
./modality/PROTEINS/graph_533.png,./modality/PROTEINS/graph_533.pkl,0
./modality/PROTEINS/graph_534.png,./modality/PROTEINS/graph_534.pkl,0
./modality/PROTEINS/graph_535.png,./modality/PROTEINS/graph_535.pkl,0
./modality/PROTEINS/graph_536.png,./modality/PROTEINS/graph_536.pkl,0
./modality/PROTEINS/graph_537.png,./modality/PROTEINS/graph_537.pkl,0
./modality/PROTEINS/graph_538.png,./modality/PROTEINS/graph_538.pkl,0
./modality/PROTEINS/graph_539.png,./modality/PROTEINS/graph_539.pkl,0
./modality/PROTEINS/graph_540.png,./modality/PROTEINS/graph_540.pkl,0
./modality/PROTEINS/graph_541.png,./modality/PROTEINS/graph_541.pkl,0
./modality/PROTEINS/graph_542.png,./modality/PROTEINS/graph_542.pkl,0
./modality/PROTEINS/graph_543.png,./modality/PROTEINS/graph_543.pkl,0
./modality/PROTEINS/graph_544.png,./modality/PROTEINS/graph_544.pkl,0
./modality/PROTEINS/graph_545.png,./modality/PROTEINS/graph_545.pkl,0
./modality/PROTEINS/graph_546.png,./modality/PROTEINS/graph_546.pkl,0
./modality/PROTEINS/graph_547.png,./modality/PROTEINS/graph_547.pkl,0
./modality/PROTEINS/graph_548.png,./modality/PROTEINS/graph_548.pkl,0
./modality/PROTEINS/graph_549.png,./modality/PROTEINS/graph_549.pkl,0
./modality/PROTEINS/graph_550.png,./modality/PROTEINS/graph_550.pkl,0
./modality/PROTEINS/graph_551.png,./modality/PROTEINS/graph_551.pkl,0
./modality/PROTEINS/graph_552.png,./modality/PROTEINS/graph_552.pkl,0
./modality/PROTEINS/graph_553.png,./modality/PROTEINS/graph_553.pkl,0
./modality/PROTEINS/graph_554.png,./modality/PROTEINS/graph_554.pkl,0
./modality/PROTEINS/graph_555.png,./modality/PROTEINS/graph_555.pkl,0
./modality/PROTEINS/graph_556.png,./modality/PROTEINS/graph_556.pkl,0
./modality/PROTEINS/graph_557.png,./modality/PROTEINS/graph_557.pkl,0
./modality/PROTEINS/graph_558.png,./modality/PROTEINS/graph_558.pkl,0
./modality/PROTEINS/graph_559.png,./modality/PROTEINS/graph_559.pkl,0
./modality/PROTEINS/graph_560.png,./modality/PROTEINS/graph_560.pkl,0
./modality/PROTEINS/graph_561.png,./modality/PROTEINS/graph_561.pkl,0
./modality/PROTEINS/graph_562.png,./modality/PROTEINS/graph_562.pkl,0
./modality/PROTEINS/graph_563.png,./modality/PROTEINS/graph_563.pkl,0
./modality/PROTEINS/graph_564.png,./modality/PROTEINS/graph_564.pkl,0
./modality/PROTEINS/graph_565.png,./modality/PROTEINS/graph_565.pkl,0
./modality/PROTEINS/graph_566.png,./modality/PROTEINS/graph_566.pkl,0
./modality/PROTEINS/graph_567.png,./modality/PROTEINS/graph_567.pkl,0
./modality/PROTEINS/graph_568.png,./modality/PROTEINS/graph_568.pkl,0
./modality/PROTEINS/graph_569.png,./modality/PROTEINS/graph_569.pkl,0
./modality/PROTEINS/graph_570.png,./modality/PROTEINS/graph_570.pkl,0
./modality/PROTEINS/graph_571.png,./modality/PROTEINS/graph_571.pkl,0
./modality/PROTEINS/graph_572.png,./modality/PROTEINS/graph_572.pkl,0
./modality/PROTEINS/graph_573.png,./modality/PROTEINS/graph_573.pkl,0
./modality/PROTEINS/graph_574.png,./modality/PROTEINS/graph_574.pkl,0
./modality/PROTEINS/graph_575.png,./modality/PROTEINS/graph_575.pkl,0
./modality/PROTEINS/graph_576.png,./modality/PROTEINS/graph_576.pkl,0
./modality/PROTEINS/graph_577.png,./modality/PROTEINS/graph_577.pkl,0
./modality/PROTEINS/graph_578.png,./modality/PROTEINS/graph_578.pkl,0
./modality/PROTEINS/graph_579.png,./modality/PROTEINS/graph_579.pkl,0
./modality/PROTEINS/graph_580.png,./modality/PROTEINS/graph_580.pkl,0
./modality/PROTEINS/graph_581.png,./modality/PROTEINS/graph_581.pkl,0
./modality/PROTEINS/graph_582.png,./modality/PROTEINS/graph_582.pkl,0
./modality/PROTEINS/graph_583.png,./modality/PROTEINS/graph_583.pkl,0
./modality/PROTEINS/graph_584.png,./modality/PROTEINS/graph_584.pkl,0
./modality/PROTEINS/graph_585.png,./modality/PROTEINS/graph_585.pkl,0
./modality/PROTEINS/graph_586.png,./modality/PROTEINS/graph_586.pkl,0
./modality/PROTEINS/graph_587.png,./modality/PROTEINS/graph_587.pkl,0
./modality/PROTEINS/graph_588.png,./modality/PROTEINS/graph_588.pkl,0
./modality/PROTEINS/graph_589.png,./modality/PROTEINS/graph_589.pkl,0
./modality/PROTEINS/graph_590.png,./modality/PROTEINS/graph_590.pkl,0
./modality/PROTEINS/graph_591.png,./modality/PROTEINS/graph_591.pkl,0
./modality/PROTEINS/graph_592.png,./modality/PROTEINS/graph_592.pkl,0
./modality/PROTEINS/graph_593.png,./modality/PROTEINS/graph_593.pkl,0
./modality/PROTEINS/graph_594.png,./modality/PROTEINS/graph_594.pkl,0
./modality/PROTEINS/graph_595.png,./modality/PROTEINS/graph_595.pkl,0
./modality/PROTEINS/graph_596.png,./modality/PROTEINS/graph_596.pkl,0
./modality/PROTEINS/graph_597.png,./modality/PROTEINS/graph_597.pkl,0
./modality/PROTEINS/graph_598.png,./modality/PROTEINS/graph_598.pkl,0
./modality/PROTEINS/graph_599.png,./modality/PROTEINS/graph_599.pkl,0
./modality/PROTEINS/graph_600.png,./modality/PROTEINS/graph_600.pkl,0
./modality/PROTEINS/graph_601.png,./modality/PROTEINS/graph_601.pkl,0
./modality/PROTEINS/graph_602.png,./modality/PROTEINS/graph_602.pkl,0
./modality/PROTEINS/graph_603.png,./modality/PROTEINS/graph_603.pkl,0
./modality/PROTEINS/graph_604.png,./modality/PROTEINS/graph_604.pkl,0
./modality/PROTEINS/graph_605.png,./modality/PROTEINS/graph_605.pkl,0
./modality/PROTEINS/graph_606.png,./modality/PROTEINS/graph_606.pkl,0
./modality/PROTEINS/graph_607.png,./modality/PROTEINS/graph_607.pkl,0
./modality/PROTEINS/graph_608.png,./modality/PROTEINS/graph_608.pkl,0
./modality/PROTEINS/graph_609.png,./modality/PROTEINS/graph_609.pkl,0
./modality/PROTEINS/graph_610.png,./modality/PROTEINS/graph_610.pkl,0
./modality/PROTEINS/graph_611.png,./modality/PROTEINS/graph_611.pkl,0
./modality/PROTEINS/graph_612.png,./modality/PROTEINS/graph_612.pkl,0
./modality/PROTEINS/graph_613.png,./modality/PROTEINS/graph_613.pkl,0
./modality/PROTEINS/graph_614.png,./modality/PROTEINS/graph_614.pkl,0
./modality/PROTEINS/graph_615.png,./modality/PROTEINS/graph_615.pkl,0
./modality/PROTEINS/graph_616.png,./modality/PROTEINS/graph_616.pkl,0
./modality/PROTEINS/graph_617.png,./modality/PROTEINS/graph_617.pkl,0
./modality/PROTEINS/graph_618.png,./modality/PROTEINS/graph_618.pkl,0
./modality/PROTEINS/graph_619.png,./modality/PROTEINS/graph_619.pkl,0
./modality/PROTEINS/graph_620.png,./modality/PROTEINS/graph_620.pkl,0
./modality/PROTEINS/graph_621.png,./modality/PROTEINS/graph_621.pkl,0
./modality/PROTEINS/graph_622.png,./modality/PROTEINS/graph_622.pkl,0
./modality/PROTEINS/graph_623.png,./modality/PROTEINS/graph_623.pkl,0
./modality/PROTEINS/graph_624.png,./modality/PROTEINS/graph_624.pkl,0
./modality/PROTEINS/graph_625.png,./modality/PROTEINS/graph_625.pkl,0
./modality/PROTEINS/graph_626.png,./modality/PROTEINS/graph_626.pkl,0
./modality/PROTEINS/graph_627.png,./modality/PROTEINS/graph_627.pkl,0
./modality/PROTEINS/graph_628.png,./modality/PROTEINS/graph_628.pkl,0
./modality/PROTEINS/graph_629.png,./modality/PROTEINS/graph_629.pkl,0
./modality/PROTEINS/graph_630.png,./modality/PROTEINS/graph_630.pkl,0
./modality/PROTEINS/graph_631.png,./modality/PROTEINS/graph_631.pkl,0
./modality/PROTEINS/graph_632.png,./modality/PROTEINS/graph_632.pkl,0
./modality/PROTEINS/graph_633.png,./modality/PROTEINS/graph_633.pkl,0
./modality/PROTEINS/graph_634.png,./modality/PROTEINS/graph_634.pkl,0
./modality/PROTEINS/graph_635.png,./modality/PROTEINS/graph_635.pkl,0
./modality/PROTEINS/graph_636.png,./modality/PROTEINS/graph_636.pkl,0
./modality/PROTEINS/graph_637.png,./modality/PROTEINS/graph_637.pkl,0
./modality/PROTEINS/graph_638.png,./modality/PROTEINS/graph_638.pkl,0
./modality/PROTEINS/graph_639.png,./modality/PROTEINS/graph_639.pkl,0
./modality/PROTEINS/graph_640.png,./modality/PROTEINS/graph_640.pkl,0
./modality/PROTEINS/graph_641.png,./modality/PROTEINS/graph_641.pkl,0
./modality/PROTEINS/graph_642.png,./modality/PROTEINS/graph_642.pkl,0
./modality/PROTEINS/graph_643.png,./modality/PROTEINS/graph_643.pkl,0
./modality/PROTEINS/graph_644.png,./modality/PROTEINS/graph_644.pkl,0
./modality/PROTEINS/graph_645.png,./modality/PROTEINS/graph_645.pkl,0
./modality/PROTEINS/graph_646.png,./modality/PROTEINS/graph_646.pkl,0
./modality/PROTEINS/graph_647.png,./modality/PROTEINS/graph_647.pkl,0
./modality/PROTEINS/graph_648.png,./modality/PROTEINS/graph_648.pkl,0
./modality/PROTEINS/graph_649.png,./modality/PROTEINS/graph_649.pkl,0
./modality/PROTEINS/graph_650.png,./modality/PROTEINS/graph_650.pkl,0
./modality/PROTEINS/graph_651.png,./modality/PROTEINS/graph_651.pkl,0
./modality/PROTEINS/graph_652.png,./modality/PROTEINS/graph_652.pkl,0
./modality/PROTEINS/graph_653.png,./modality/PROTEINS/graph_653.pkl,0
./modality/PROTEINS/graph_654.png,./modality/PROTEINS/graph_654.pkl,0
./modality/PROTEINS/graph_655.png,./modality/PROTEINS/graph_655.pkl,0
./modality/PROTEINS/graph_656.png,./modality/PROTEINS/graph_656.pkl,0
./modality/PROTEINS/graph_657.png,./modality/PROTEINS/graph_657.pkl,0
./modality/PROTEINS/graph_658.png,./modality/PROTEINS/graph_658.pkl,0
./modality/PROTEINS/graph_659.png,./modality/PROTEINS/graph_659.pkl,0
./modality/PROTEINS/graph_660.png,./modality/PROTEINS/graph_660.pkl,0
./modality/PROTEINS/graph_661.png,./modality/PROTEINS/graph_661.pkl,0
./modality/PROTEINS/graph_662.png,./modality/PROTEINS/graph_662.pkl,0
./modality/PROTEINS/graph_663.png,./modality/PROTEINS/graph_663.pkl,1
./modality/PROTEINS/graph_664.png,./modality/PROTEINS/graph_664.pkl,1
./modality/PROTEINS/graph_665.png,./modality/PROTEINS/graph_665.pkl,1
./modality/PROTEINS/graph_666.png,./modality/PROTEINS/graph_666.pkl,1
./modality/PROTEINS/graph_667.png,./modality/PROTEINS/graph_667.pkl,1
./modality/PROTEINS/graph_668.png,./modality/PROTEINS/graph_668.pkl,1
./modality/PROTEINS/graph_669.png,./modality/PROTEINS/graph_669.pkl,1
./modality/PROTEINS/graph_670.png,./modality/PROTEINS/graph_670.pkl,1
./modality/PROTEINS/graph_671.png,./modality/PROTEINS/graph_671.pkl,1
./modality/PROTEINS/graph_672.png,./modality/PROTEINS/graph_672.pkl,1
./modality/PROTEINS/graph_673.png,./modality/PROTEINS/graph_673.pkl,1
./modality/PROTEINS/graph_674.png,./modality/PROTEINS/graph_674.pkl,1
./modality/PROTEINS/graph_675.png,./modality/PROTEINS/graph_675.pkl,1
./modality/PROTEINS/graph_676.png,./modality/PROTEINS/graph_676.pkl,1
./modality/PROTEINS/graph_677.png,./modality/PROTEINS/graph_677.pkl,1
./modality/PROTEINS/graph_678.png,./modality/PROTEINS/graph_678.pkl,1
./modality/PROTEINS/graph_679.png,./modality/PROTEINS/graph_679.pkl,1
./modality/PROTEINS/graph_680.png,./modality/PROTEINS/graph_680.pkl,1
./modality/PROTEINS/graph_681.png,./modality/PROTEINS/graph_681.pkl,1
./modality/PROTEINS/graph_682.png,./modality/PROTEINS/graph_682.pkl,1
./modality/PROTEINS/graph_683.png,./modality/PROTEINS/graph_683.pkl,1
./modality/PROTEINS/graph_684.png,./modality/PROTEINS/graph_684.pkl,1
./modality/PROTEINS/graph_685.png,./modality/PROTEINS/graph_685.pkl,1
./modality/PROTEINS/graph_686.png,./modality/PROTEINS/graph_686.pkl,1
./modality/PROTEINS/graph_687.png,./modality/PROTEINS/graph_687.pkl,1
./modality/PROTEINS/graph_688.png,./modality/PROTEINS/graph_688.pkl,1
./modality/PROTEINS/graph_689.png,./modality/PROTEINS/graph_689.pkl,1
./modality/PROTEINS/graph_690.png,./modality/PROTEINS/graph_690.pkl,1
./modality/PROTEINS/graph_691.png,./modality/PROTEINS/graph_691.pkl,1
./modality/PROTEINS/graph_692.png,./modality/PROTEINS/graph_692.pkl,1
./modality/PROTEINS/graph_693.png,./modality/PROTEINS/graph_693.pkl,1
./modality/PROTEINS/graph_694.png,./modality/PROTEINS/graph_694.pkl,1
./modality/PROTEINS/graph_695.png,./modality/PROTEINS/graph_695.pkl,1
./modality/PROTEINS/graph_696.png,./modality/PROTEINS/graph_696.pkl,1
./modality/PROTEINS/graph_697.png,./modality/PROTEINS/graph_697.pkl,1
./modality/PROTEINS/graph_698.png,./modality/PROTEINS/graph_698.pkl,1
./modality/PROTEINS/graph_699.png,./modality/PROTEINS/graph_699.pkl,1
./modality/PROTEINS/graph_700.png,./modality/PROTEINS/graph_700.pkl,1
./modality/PROTEINS/graph_701.png,./modality/PROTEINS/graph_701.pkl,1
./modality/PROTEINS/graph_702.png,./modality/PROTEINS/graph_702.pkl,1
./modality/PROTEINS/graph_703.png,./modality/PROTEINS/graph_703.pkl,1
./modality/PROTEINS/graph_704.png,./modality/PROTEINS/graph_704.pkl,1
./modality/PROTEINS/graph_705.png,./modality/PROTEINS/graph_705.pkl,1
./modality/PROTEINS/graph_706.png,./modality/PROTEINS/graph_706.pkl,1
./modality/PROTEINS/graph_707.png,./modality/PROTEINS/graph_707.pkl,1
./modality/PROTEINS/graph_708.png,./modality/PROTEINS/graph_708.pkl,1
./modality/PROTEINS/graph_709.png,./modality/PROTEINS/graph_709.pkl,1
./modality/PROTEINS/graph_710.png,./modality/PROTEINS/graph_710.pkl,1
./modality/PROTEINS/graph_711.png,./modality/PROTEINS/graph_711.pkl,1
./modality/PROTEINS/graph_712.png,./modality/PROTEINS/graph_712.pkl,1
./modality/PROTEINS/graph_713.png,./modality/PROTEINS/graph_713.pkl,1
./modality/PROTEINS/graph_714.png,./modality/PROTEINS/graph_714.pkl,1
./modality/PROTEINS/graph_715.png,./modality/PROTEINS/graph_715.pkl,1
./modality/PROTEINS/graph_716.png,./modality/PROTEINS/graph_716.pkl,1
./modality/PROTEINS/graph_717.png,./modality/PROTEINS/graph_717.pkl,1
./modality/PROTEINS/graph_718.png,./modality/PROTEINS/graph_718.pkl,1
./modality/PROTEINS/graph_719.png,./modality/PROTEINS/graph_719.pkl,1
./modality/PROTEINS/graph_720.png,./modality/PROTEINS/graph_720.pkl,1
./modality/PROTEINS/graph_721.png,./modality/PROTEINS/graph_721.pkl,1
./modality/PROTEINS/graph_722.png,./modality/PROTEINS/graph_722.pkl,1
./modality/PROTEINS/graph_723.png,./modality/PROTEINS/graph_723.pkl,1
./modality/PROTEINS/graph_724.png,./modality/PROTEINS/graph_724.pkl,1
./modality/PROTEINS/graph_725.png,./modality/PROTEINS/graph_725.pkl,1
./modality/PROTEINS/graph_726.png,./modality/PROTEINS/graph_726.pkl,1
./modality/PROTEINS/graph_727.png,./modality/PROTEINS/graph_727.pkl,1
./modality/PROTEINS/graph_728.png,./modality/PROTEINS/graph_728.pkl,1
./modality/PROTEINS/graph_729.png,./modality/PROTEINS/graph_729.pkl,1
./modality/PROTEINS/graph_730.png,./modality/PROTEINS/graph_730.pkl,1
./modality/PROTEINS/graph_731.png,./modality/PROTEINS/graph_731.pkl,1
./modality/PROTEINS/graph_732.png,./modality/PROTEINS/graph_732.pkl,1
./modality/PROTEINS/graph_733.png,./modality/PROTEINS/graph_733.pkl,1
./modality/PROTEINS/graph_734.png,./modality/PROTEINS/graph_734.pkl,1
./modality/PROTEINS/graph_735.png,./modality/PROTEINS/graph_735.pkl,1
./modality/PROTEINS/graph_736.png,./modality/PROTEINS/graph_736.pkl,1
./modality/PROTEINS/graph_737.png,./modality/PROTEINS/graph_737.pkl,1
./modality/PROTEINS/graph_738.png,./modality/PROTEINS/graph_738.pkl,1
./modality/PROTEINS/graph_739.png,./modality/PROTEINS/graph_739.pkl,1
./modality/PROTEINS/graph_740.png,./modality/PROTEINS/graph_740.pkl,1
./modality/PROTEINS/graph_741.png,./modality/PROTEINS/graph_741.pkl,1
./modality/PROTEINS/graph_742.png,./modality/PROTEINS/graph_742.pkl,1
./modality/PROTEINS/graph_743.png,./modality/PROTEINS/graph_743.pkl,1
./modality/PROTEINS/graph_744.png,./modality/PROTEINS/graph_744.pkl,1
./modality/PROTEINS/graph_745.png,./modality/PROTEINS/graph_745.pkl,1
./modality/PROTEINS/graph_746.png,./modality/PROTEINS/graph_746.pkl,1
./modality/PROTEINS/graph_747.png,./modality/PROTEINS/graph_747.pkl,1
./modality/PROTEINS/graph_748.png,./modality/PROTEINS/graph_748.pkl,1
./modality/PROTEINS/graph_749.png,./modality/PROTEINS/graph_749.pkl,1
./modality/PROTEINS/graph_750.png,./modality/PROTEINS/graph_750.pkl,1
./modality/PROTEINS/graph_751.png,./modality/PROTEINS/graph_751.pkl,1
./modality/PROTEINS/graph_752.png,./modality/PROTEINS/graph_752.pkl,1
./modality/PROTEINS/graph_753.png,./modality/PROTEINS/graph_753.pkl,1
./modality/PROTEINS/graph_754.png,./modality/PROTEINS/graph_754.pkl,1
./modality/PROTEINS/graph_755.png,./modality/PROTEINS/graph_755.pkl,1
./modality/PROTEINS/graph_756.png,./modality/PROTEINS/graph_756.pkl,1
./modality/PROTEINS/graph_757.png,./modality/PROTEINS/graph_757.pkl,1
./modality/PROTEINS/graph_758.png,./modality/PROTEINS/graph_758.pkl,1
./modality/PROTEINS/graph_759.png,./modality/PROTEINS/graph_759.pkl,1
./modality/PROTEINS/graph_760.png,./modality/PROTEINS/graph_760.pkl,1
./modality/PROTEINS/graph_761.png,./modality/PROTEINS/graph_761.pkl,1
./modality/PROTEINS/graph_762.png,./modality/PROTEINS/graph_762.pkl,1
./modality/PROTEINS/graph_763.png,./modality/PROTEINS/graph_763.pkl,1
./modality/PROTEINS/graph_764.png,./modality/PROTEINS/graph_764.pkl,1
./modality/PROTEINS/graph_765.png,./modality/PROTEINS/graph_765.pkl,1
./modality/PROTEINS/graph_766.png,./modality/PROTEINS/graph_766.pkl,1
./modality/PROTEINS/graph_767.png,./modality/PROTEINS/graph_767.pkl,1
./modality/PROTEINS/graph_768.png,./modality/PROTEINS/graph_768.pkl,1
./modality/PROTEINS/graph_769.png,./modality/PROTEINS/graph_769.pkl,1
./modality/PROTEINS/graph_770.png,./modality/PROTEINS/graph_770.pkl,1
./modality/PROTEINS/graph_771.png,./modality/PROTEINS/graph_771.pkl,1
./modality/PROTEINS/graph_772.png,./modality/PROTEINS/graph_772.pkl,1
./modality/PROTEINS/graph_773.png,./modality/PROTEINS/graph_773.pkl,1
./modality/PROTEINS/graph_774.png,./modality/PROTEINS/graph_774.pkl,1
./modality/PROTEINS/graph_775.png,./modality/PROTEINS/graph_775.pkl,1
./modality/PROTEINS/graph_776.png,./modality/PROTEINS/graph_776.pkl,1
./modality/PROTEINS/graph_777.png,./modality/PROTEINS/graph_777.pkl,1
./modality/PROTEINS/graph_778.png,./modality/PROTEINS/graph_778.pkl,1
./modality/PROTEINS/graph_779.png,./modality/PROTEINS/graph_779.pkl,1
./modality/PROTEINS/graph_780.png,./modality/PROTEINS/graph_780.pkl,1
./modality/PROTEINS/graph_781.png,./modality/PROTEINS/graph_781.pkl,1
./modality/PROTEINS/graph_782.png,./modality/PROTEINS/graph_782.pkl,1
./modality/PROTEINS/graph_783.png,./modality/PROTEINS/graph_783.pkl,1
./modality/PROTEINS/graph_784.png,./modality/PROTEINS/graph_784.pkl,1
./modality/PROTEINS/graph_785.png,./modality/PROTEINS/graph_785.pkl,1
./modality/PROTEINS/graph_786.png,./modality/PROTEINS/graph_786.pkl,1
./modality/PROTEINS/graph_787.png,./modality/PROTEINS/graph_787.pkl,1
./modality/PROTEINS/graph_788.png,./modality/PROTEINS/graph_788.pkl,1
./modality/PROTEINS/graph_789.png,./modality/PROTEINS/graph_789.pkl,1
./modality/PROTEINS/graph_790.png,./modality/PROTEINS/graph_790.pkl,1
./modality/PROTEINS/graph_791.png,./modality/PROTEINS/graph_791.pkl,1
./modality/PROTEINS/graph_792.png,./modality/PROTEINS/graph_792.pkl,1
./modality/PROTEINS/graph_793.png,./modality/PROTEINS/graph_793.pkl,1
./modality/PROTEINS/graph_794.png,./modality/PROTEINS/graph_794.pkl,1
./modality/PROTEINS/graph_795.png,./modality/PROTEINS/graph_795.pkl,1
./modality/PROTEINS/graph_796.png,./modality/PROTEINS/graph_796.pkl,1
./modality/PROTEINS/graph_797.png,./modality/PROTEINS/graph_797.pkl,1
./modality/PROTEINS/graph_798.png,./modality/PROTEINS/graph_798.pkl,1
./modality/PROTEINS/graph_799.png,./modality/PROTEINS/graph_799.pkl,1
./modality/PROTEINS/graph_800.png,./modality/PROTEINS/graph_800.pkl,1
./modality/PROTEINS/graph_801.png,./modality/PROTEINS/graph_801.pkl,1
./modality/PROTEINS/graph_802.png,./modality/PROTEINS/graph_802.pkl,1
./modality/PROTEINS/graph_803.png,./modality/PROTEINS/graph_803.pkl,1
./modality/PROTEINS/graph_804.png,./modality/PROTEINS/graph_804.pkl,1
./modality/PROTEINS/graph_805.png,./modality/PROTEINS/graph_805.pkl,1
./modality/PROTEINS/graph_806.png,./modality/PROTEINS/graph_806.pkl,1
./modality/PROTEINS/graph_807.png,./modality/PROTEINS/graph_807.pkl,1
./modality/PROTEINS/graph_808.png,./modality/PROTEINS/graph_808.pkl,1
./modality/PROTEINS/graph_809.png,./modality/PROTEINS/graph_809.pkl,1
./modality/PROTEINS/graph_810.png,./modality/PROTEINS/graph_810.pkl,1
./modality/PROTEINS/graph_811.png,./modality/PROTEINS/graph_811.pkl,1
./modality/PROTEINS/graph_812.png,./modality/PROTEINS/graph_812.pkl,1
./modality/PROTEINS/graph_813.png,./modality/PROTEINS/graph_813.pkl,1
./modality/PROTEINS/graph_814.png,./modality/PROTEINS/graph_814.pkl,1
./modality/PROTEINS/graph_815.png,./modality/PROTEINS/graph_815.pkl,1
./modality/PROTEINS/graph_816.png,./modality/PROTEINS/graph_816.pkl,1
./modality/PROTEINS/graph_817.png,./modality/PROTEINS/graph_817.pkl,1
./modality/PROTEINS/graph_818.png,./modality/PROTEINS/graph_818.pkl,1
./modality/PROTEINS/graph_819.png,./modality/PROTEINS/graph_819.pkl,1
./modality/PROTEINS/graph_820.png,./modality/PROTEINS/graph_820.pkl,1
./modality/PROTEINS/graph_821.png,./modality/PROTEINS/graph_821.pkl,1
./modality/PROTEINS/graph_822.png,./modality/PROTEINS/graph_822.pkl,1
./modality/PROTEINS/graph_823.png,./modality/PROTEINS/graph_823.pkl,1
./modality/PROTEINS/graph_824.png,./modality/PROTEINS/graph_824.pkl,1
./modality/PROTEINS/graph_825.png,./modality/PROTEINS/graph_825.pkl,1
./modality/PROTEINS/graph_826.png,./modality/PROTEINS/graph_826.pkl,1
./modality/PROTEINS/graph_827.png,./modality/PROTEINS/graph_827.pkl,1
./modality/PROTEINS/graph_828.png,./modality/PROTEINS/graph_828.pkl,1
./modality/PROTEINS/graph_829.png,./modality/PROTEINS/graph_829.pkl,1
./modality/PROTEINS/graph_830.png,./modality/PROTEINS/graph_830.pkl,1
./modality/PROTEINS/graph_831.png,./modality/PROTEINS/graph_831.pkl,1
./modality/PROTEINS/graph_832.png,./modality/PROTEINS/graph_832.pkl,1
./modality/PROTEINS/graph_833.png,./modality/PROTEINS/graph_833.pkl,1
./modality/PROTEINS/graph_834.png,./modality/PROTEINS/graph_834.pkl,1
./modality/PROTEINS/graph_835.png,./modality/PROTEINS/graph_835.pkl,1
./modality/PROTEINS/graph_836.png,./modality/PROTEINS/graph_836.pkl,1
./modality/PROTEINS/graph_837.png,./modality/PROTEINS/graph_837.pkl,1
./modality/PROTEINS/graph_838.png,./modality/PROTEINS/graph_838.pkl,1
./modality/PROTEINS/graph_839.png,./modality/PROTEINS/graph_839.pkl,1
./modality/PROTEINS/graph_840.png,./modality/PROTEINS/graph_840.pkl,1
./modality/PROTEINS/graph_841.png,./modality/PROTEINS/graph_841.pkl,1
./modality/PROTEINS/graph_842.png,./modality/PROTEINS/graph_842.pkl,1
./modality/PROTEINS/graph_843.png,./modality/PROTEINS/graph_843.pkl,1
./modality/PROTEINS/graph_844.png,./modality/PROTEINS/graph_844.pkl,1
./modality/PROTEINS/graph_845.png,./modality/PROTEINS/graph_845.pkl,1
./modality/PROTEINS/graph_846.png,./modality/PROTEINS/graph_846.pkl,1
./modality/PROTEINS/graph_847.png,./modality/PROTEINS/graph_847.pkl,1
./modality/PROTEINS/graph_848.png,./modality/PROTEINS/graph_848.pkl,1
./modality/PROTEINS/graph_849.png,./modality/PROTEINS/graph_849.pkl,1
./modality/PROTEINS/graph_850.png,./modality/PROTEINS/graph_850.pkl,1
./modality/PROTEINS/graph_851.png,./modality/PROTEINS/graph_851.pkl,1
./modality/PROTEINS/graph_852.png,./modality/PROTEINS/graph_852.pkl,1
./modality/PROTEINS/graph_853.png,./modality/PROTEINS/graph_853.pkl,1
./modality/PROTEINS/graph_854.png,./modality/PROTEINS/graph_854.pkl,1
./modality/PROTEINS/graph_855.png,./modality/PROTEINS/graph_855.pkl,1
./modality/PROTEINS/graph_856.png,./modality/PROTEINS/graph_856.pkl,1
./modality/PROTEINS/graph_857.png,./modality/PROTEINS/graph_857.pkl,1
./modality/PROTEINS/graph_858.png,./modality/PROTEINS/graph_858.pkl,1
./modality/PROTEINS/graph_859.png,./modality/PROTEINS/graph_859.pkl,1
./modality/PROTEINS/graph_860.png,./modality/PROTEINS/graph_860.pkl,1
./modality/PROTEINS/graph_861.png,./modality/PROTEINS/graph_861.pkl,1
./modality/PROTEINS/graph_862.png,./modality/PROTEINS/graph_862.pkl,1
./modality/PROTEINS/graph_863.png,./modality/PROTEINS/graph_863.pkl,1
./modality/PROTEINS/graph_864.png,./modality/PROTEINS/graph_864.pkl,1
./modality/PROTEINS/graph_865.png,./modality/PROTEINS/graph_865.pkl,1
./modality/PROTEINS/graph_866.png,./modality/PROTEINS/graph_866.pkl,1
./modality/PROTEINS/graph_867.png,./modality/PROTEINS/graph_867.pkl,1
./modality/PROTEINS/graph_868.png,./modality/PROTEINS/graph_868.pkl,1
./modality/PROTEINS/graph_869.png,./modality/PROTEINS/graph_869.pkl,1
./modality/PROTEINS/graph_870.png,./modality/PROTEINS/graph_870.pkl,1
./modality/PROTEINS/graph_871.png,./modality/PROTEINS/graph_871.pkl,1
./modality/PROTEINS/graph_872.png,./modality/PROTEINS/graph_872.pkl,1
./modality/PROTEINS/graph_873.png,./modality/PROTEINS/graph_873.pkl,1
./modality/PROTEINS/graph_874.png,./modality/PROTEINS/graph_874.pkl,1
./modality/PROTEINS/graph_875.png,./modality/PROTEINS/graph_875.pkl,1
./modality/PROTEINS/graph_876.png,./modality/PROTEINS/graph_876.pkl,1
./modality/PROTEINS/graph_877.png,./modality/PROTEINS/graph_877.pkl,1
./modality/PROTEINS/graph_878.png,./modality/PROTEINS/graph_878.pkl,1
./modality/PROTEINS/graph_879.png,./modality/PROTEINS/graph_879.pkl,1
./modality/PROTEINS/graph_880.png,./modality/PROTEINS/graph_880.pkl,1
./modality/PROTEINS/graph_881.png,./modality/PROTEINS/graph_881.pkl,1
./modality/PROTEINS/graph_882.png,./modality/PROTEINS/graph_882.pkl,1
./modality/PROTEINS/graph_883.png,./modality/PROTEINS/graph_883.pkl,1
./modality/PROTEINS/graph_884.png,./modality/PROTEINS/graph_884.pkl,1
./modality/PROTEINS/graph_885.png,./modality/PROTEINS/graph_885.pkl,1
./modality/PROTEINS/graph_886.png,./modality/PROTEINS/graph_886.pkl,1
./modality/PROTEINS/graph_887.png,./modality/PROTEINS/graph_887.pkl,1
./modality/PROTEINS/graph_888.png,./modality/PROTEINS/graph_888.pkl,1
./modality/PROTEINS/graph_889.png,./modality/PROTEINS/graph_889.pkl,1
./modality/PROTEINS/graph_890.png,./modality/PROTEINS/graph_890.pkl,1
./modality/PROTEINS/graph_891.png,./modality/PROTEINS/graph_891.pkl,1
./modality/PROTEINS/graph_892.png,./modality/PROTEINS/graph_892.pkl,1
./modality/PROTEINS/graph_893.png,./modality/PROTEINS/graph_893.pkl,1
./modality/PROTEINS/graph_894.png,./modality/PROTEINS/graph_894.pkl,1
./modality/PROTEINS/graph_895.png,./modality/PROTEINS/graph_895.pkl,1
./modality/PROTEINS/graph_896.png,./modality/PROTEINS/graph_896.pkl,1
./modality/PROTEINS/graph_897.png,./modality/PROTEINS/graph_897.pkl,1
./modality/PROTEINS/graph_898.png,./modality/PROTEINS/graph_898.pkl,1
./modality/PROTEINS/graph_899.png,./modality/PROTEINS/graph_899.pkl,1
./modality/PROTEINS/graph_900.png,./modality/PROTEINS/graph_900.pkl,1
./modality/PROTEINS/graph_901.png,./modality/PROTEINS/graph_901.pkl,1
./modality/PROTEINS/graph_902.png,./modality/PROTEINS/graph_902.pkl,1
./modality/PROTEINS/graph_903.png,./modality/PROTEINS/graph_903.pkl,1
./modality/PROTEINS/graph_904.png,./modality/PROTEINS/graph_904.pkl,1
./modality/PROTEINS/graph_905.png,./modality/PROTEINS/graph_905.pkl,1
./modality/PROTEINS/graph_906.png,./modality/PROTEINS/graph_906.pkl,1
./modality/PROTEINS/graph_907.png,./modality/PROTEINS/graph_907.pkl,1
./modality/PROTEINS/graph_908.png,./modality/PROTEINS/graph_908.pkl,1
./modality/PROTEINS/graph_909.png,./modality/PROTEINS/graph_909.pkl,1
./modality/PROTEINS/graph_910.png,./modality/PROTEINS/graph_910.pkl,1
./modality/PROTEINS/graph_911.png,./modality/PROTEINS/graph_911.pkl,1
./modality/PROTEINS/graph_912.png,./modality/PROTEINS/graph_912.pkl,1
./modality/PROTEINS/graph_913.png,./modality/PROTEINS/graph_913.pkl,1
./modality/PROTEINS/graph_914.png,./modality/PROTEINS/graph_914.pkl,1
./modality/PROTEINS/graph_915.png,./modality/PROTEINS/graph_915.pkl,1
./modality/PROTEINS/graph_916.png,./modality/PROTEINS/graph_916.pkl,1
./modality/PROTEINS/graph_917.png,./modality/PROTEINS/graph_917.pkl,1
./modality/PROTEINS/graph_918.png,./modality/PROTEINS/graph_918.pkl,1
./modality/PROTEINS/graph_919.png,./modality/PROTEINS/graph_919.pkl,1
./modality/PROTEINS/graph_920.png,./modality/PROTEINS/graph_920.pkl,1
./modality/PROTEINS/graph_921.png,./modality/PROTEINS/graph_921.pkl,1
./modality/PROTEINS/graph_922.png,./modality/PROTEINS/graph_922.pkl,1
./modality/PROTEINS/graph_923.png,./modality/PROTEINS/graph_923.pkl,1
./modality/PROTEINS/graph_924.png,./modality/PROTEINS/graph_924.pkl,1
./modality/PROTEINS/graph_925.png,./modality/PROTEINS/graph_925.pkl,1
./modality/PROTEINS/graph_926.png,./modality/PROTEINS/graph_926.pkl,1
./modality/PROTEINS/graph_927.png,./modality/PROTEINS/graph_927.pkl,1
./modality/PROTEINS/graph_928.png,./modality/PROTEINS/graph_928.pkl,1
./modality/PROTEINS/graph_929.png,./modality/PROTEINS/graph_929.pkl,1
./modality/PROTEINS/graph_930.png,./modality/PROTEINS/graph_930.pkl,1
./modality/PROTEINS/graph_931.png,./modality/PROTEINS/graph_931.pkl,1
./modality/PROTEINS/graph_932.png,./modality/PROTEINS/graph_932.pkl,1
./modality/PROTEINS/graph_933.png,./modality/PROTEINS/graph_933.pkl,1
./modality/PROTEINS/graph_934.png,./modality/PROTEINS/graph_934.pkl,1
./modality/PROTEINS/graph_935.png,./modality/PROTEINS/graph_935.pkl,1
./modality/PROTEINS/graph_936.png,./modality/PROTEINS/graph_936.pkl,1
./modality/PROTEINS/graph_937.png,./modality/PROTEINS/graph_937.pkl,1
./modality/PROTEINS/graph_938.png,./modality/PROTEINS/graph_938.pkl,1
./modality/PROTEINS/graph_939.png,./modality/PROTEINS/graph_939.pkl,1
./modality/PROTEINS/graph_940.png,./modality/PROTEINS/graph_940.pkl,1
./modality/PROTEINS/graph_941.png,./modality/PROTEINS/graph_941.pkl,1
./modality/PROTEINS/graph_942.png,./modality/PROTEINS/graph_942.pkl,1
./modality/PROTEINS/graph_943.png,./modality/PROTEINS/graph_943.pkl,1
./modality/PROTEINS/graph_944.png,./modality/PROTEINS/graph_944.pkl,1
./modality/PROTEINS/graph_945.png,./modality/PROTEINS/graph_945.pkl,1
./modality/PROTEINS/graph_946.png,./modality/PROTEINS/graph_946.pkl,1
./modality/PROTEINS/graph_947.png,./modality/PROTEINS/graph_947.pkl,1
./modality/PROTEINS/graph_948.png,./modality/PROTEINS/graph_948.pkl,1
./modality/PROTEINS/graph_949.png,./modality/PROTEINS/graph_949.pkl,1
./modality/PROTEINS/graph_950.png,./modality/PROTEINS/graph_950.pkl,1
./modality/PROTEINS/graph_951.png,./modality/PROTEINS/graph_951.pkl,1
./modality/PROTEINS/graph_952.png,./modality/PROTEINS/graph_952.pkl,1
./modality/PROTEINS/graph_953.png,./modality/PROTEINS/graph_953.pkl,1
./modality/PROTEINS/graph_954.png,./modality/PROTEINS/graph_954.pkl,1
./modality/PROTEINS/graph_955.png,./modality/PROTEINS/graph_955.pkl,1
./modality/PROTEINS/graph_956.png,./modality/PROTEINS/graph_956.pkl,1
./modality/PROTEINS/graph_957.png,./modality/PROTEINS/graph_957.pkl,1
./modality/PROTEINS/graph_958.png,./modality/PROTEINS/graph_958.pkl,1
./modality/PROTEINS/graph_959.png,./modality/PROTEINS/graph_959.pkl,1
./modality/PROTEINS/graph_960.png,./modality/PROTEINS/graph_960.pkl,1
./modality/PROTEINS/graph_961.png,./modality/PROTEINS/graph_961.pkl,1
./modality/PROTEINS/graph_962.png,./modality/PROTEINS/graph_962.pkl,1
./modality/PROTEINS/graph_963.png,./modality/PROTEINS/graph_963.pkl,1
./modality/PROTEINS/graph_964.png,./modality/PROTEINS/graph_964.pkl,1
./modality/PROTEINS/graph_965.png,./modality/PROTEINS/graph_965.pkl,1
./modality/PROTEINS/graph_966.png,./modality/PROTEINS/graph_966.pkl,1
./modality/PROTEINS/graph_967.png,./modality/PROTEINS/graph_967.pkl,1
./modality/PROTEINS/graph_968.png,./modality/PROTEINS/graph_968.pkl,1
./modality/PROTEINS/graph_969.png,./modality/PROTEINS/graph_969.pkl,1
./modality/PROTEINS/graph_970.png,./modality/PROTEINS/graph_970.pkl,1
./modality/PROTEINS/graph_971.png,./modality/PROTEINS/graph_971.pkl,1
./modality/PROTEINS/graph_972.png,./modality/PROTEINS/graph_972.pkl,1
./modality/PROTEINS/graph_973.png,./modality/PROTEINS/graph_973.pkl,1
./modality/PROTEINS/graph_974.png,./modality/PROTEINS/graph_974.pkl,1
./modality/PROTEINS/graph_975.png,./modality/PROTEINS/graph_975.pkl,1
./modality/PROTEINS/graph_976.png,./modality/PROTEINS/graph_976.pkl,1
./modality/PROTEINS/graph_977.png,./modality/PROTEINS/graph_977.pkl,1
./modality/PROTEINS/graph_978.png,./modality/PROTEINS/graph_978.pkl,1
./modality/PROTEINS/graph_979.png,./modality/PROTEINS/graph_979.pkl,1
./modality/PROTEINS/graph_980.png,./modality/PROTEINS/graph_980.pkl,1
./modality/PROTEINS/graph_981.png,./modality/PROTEINS/graph_981.pkl,1
./modality/PROTEINS/graph_982.png,./modality/PROTEINS/graph_982.pkl,1
./modality/PROTEINS/graph_983.png,./modality/PROTEINS/graph_983.pkl,1
./modality/PROTEINS/graph_984.png,./modality/PROTEINS/graph_984.pkl,1
./modality/PROTEINS/graph_985.png,./modality/PROTEINS/graph_985.pkl,1
./modality/PROTEINS/graph_986.png,./modality/PROTEINS/graph_986.pkl,1
./modality/PROTEINS/graph_987.png,./modality/PROTEINS/graph_987.pkl,1
./modality/PROTEINS/graph_988.png,./modality/PROTEINS/graph_988.pkl,1
./modality/PROTEINS/graph_989.png,./modality/PROTEINS/graph_989.pkl,1
./modality/PROTEINS/graph_990.png,./modality/PROTEINS/graph_990.pkl,1
./modality/PROTEINS/graph_991.png,./modality/PROTEINS/graph_991.pkl,1
./modality/PROTEINS/graph_992.png,./modality/PROTEINS/graph_992.pkl,1
./modality/PROTEINS/graph_993.png,./modality/PROTEINS/graph_993.pkl,1
./modality/PROTEINS/graph_994.png,./modality/PROTEINS/graph_994.pkl,1
./modality/PROTEINS/graph_995.png,./modality/PROTEINS/graph_995.pkl,1
./modality/PROTEINS/graph_996.png,./modality/PROTEINS/graph_996.pkl,1
./modality/PROTEINS/graph_997.png,./modality/PROTEINS/graph_997.pkl,1
./modality/PROTEINS/graph_998.png,./modality/PROTEINS/graph_998.pkl,1
./modality/PROTEINS/graph_999.png,./modality/PROTEINS/graph_999.pkl,1
./modality/PROTEINS/graph_1000.png,./modality/PROTEINS/graph_1000.pkl,1
./modality/PROTEINS/graph_1001.png,./modality/PROTEINS/graph_1001.pkl,1
./modality/PROTEINS/graph_1002.png,./modality/PROTEINS/graph_1002.pkl,1
./modality/PROTEINS/graph_1003.png,./modality/PROTEINS/graph_1003.pkl,1
./modality/PROTEINS/graph_1004.png,./modality/PROTEINS/graph_1004.pkl,1
./modality/PROTEINS/graph_1005.png,./modality/PROTEINS/graph_1005.pkl,1
./modality/PROTEINS/graph_1006.png,./modality/PROTEINS/graph_1006.pkl,1
./modality/PROTEINS/graph_1007.png,./modality/PROTEINS/graph_1007.pkl,1
./modality/PROTEINS/graph_1008.png,./modality/PROTEINS/graph_1008.pkl,1
./modality/PROTEINS/graph_1009.png,./modality/PROTEINS/graph_1009.pkl,1
./modality/PROTEINS/graph_1010.png,./modality/PROTEINS/graph_1010.pkl,1
./modality/PROTEINS/graph_1011.png,./modality/PROTEINS/graph_1011.pkl,1
./modality/PROTEINS/graph_1012.png,./modality/PROTEINS/graph_1012.pkl,1
./modality/PROTEINS/graph_1013.png,./modality/PROTEINS/graph_1013.pkl,1
./modality/PROTEINS/graph_1014.png,./modality/PROTEINS/graph_1014.pkl,1
./modality/PROTEINS/graph_1015.png,./modality/PROTEINS/graph_1015.pkl,1
./modality/PROTEINS/graph_1016.png,./modality/PROTEINS/graph_1016.pkl,1
./modality/PROTEINS/graph_1017.png,./modality/PROTEINS/graph_1017.pkl,1
./modality/PROTEINS/graph_1018.png,./modality/PROTEINS/graph_1018.pkl,1
./modality/PROTEINS/graph_1019.png,./modality/PROTEINS/graph_1019.pkl,1
./modality/PROTEINS/graph_1020.png,./modality/PROTEINS/graph_1020.pkl,1
./modality/PROTEINS/graph_1021.png,./modality/PROTEINS/graph_1021.pkl,1
./modality/PROTEINS/graph_1022.png,./modality/PROTEINS/graph_1022.pkl,1
./modality/PROTEINS/graph_1023.png,./modality/PROTEINS/graph_1023.pkl,1
./modality/PROTEINS/graph_1024.png,./modality/PROTEINS/graph_1024.pkl,1
./modality/PROTEINS/graph_1025.png,./modality/PROTEINS/graph_1025.pkl,1
./modality/PROTEINS/graph_1026.png,./modality/PROTEINS/graph_1026.pkl,1
./modality/PROTEINS/graph_1027.png,./modality/PROTEINS/graph_1027.pkl,1
./modality/PROTEINS/graph_1028.png,./modality/PROTEINS/graph_1028.pkl,1
./modality/PROTEINS/graph_1029.png,./modality/PROTEINS/graph_1029.pkl,1
./modality/PROTEINS/graph_1030.png,./modality/PROTEINS/graph_1030.pkl,1
./modality/PROTEINS/graph_1031.png,./modality/PROTEINS/graph_1031.pkl,1
./modality/PROTEINS/graph_1032.png,./modality/PROTEINS/graph_1032.pkl,1
./modality/PROTEINS/graph_1033.png,./modality/PROTEINS/graph_1033.pkl,1
./modality/PROTEINS/graph_1034.png,./modality/PROTEINS/graph_1034.pkl,1
./modality/PROTEINS/graph_1035.png,./modality/PROTEINS/graph_1035.pkl,1
./modality/PROTEINS/graph_1036.png,./modality/PROTEINS/graph_1036.pkl,1
./modality/PROTEINS/graph_1037.png,./modality/PROTEINS/graph_1037.pkl,1
./modality/PROTEINS/graph_1038.png,./modality/PROTEINS/graph_1038.pkl,1
./modality/PROTEINS/graph_1039.png,./modality/PROTEINS/graph_1039.pkl,1
./modality/PROTEINS/graph_1040.png,./modality/PROTEINS/graph_1040.pkl,1
./modality/PROTEINS/graph_1041.png,./modality/PROTEINS/graph_1041.pkl,1
./modality/PROTEINS/graph_1042.png,./modality/PROTEINS/graph_1042.pkl,1
./modality/PROTEINS/graph_1043.png,./modality/PROTEINS/graph_1043.pkl,1
./modality/PROTEINS/graph_1044.png,./modality/PROTEINS/graph_1044.pkl,1
./modality/PROTEINS/graph_1045.png,./modality/PROTEINS/graph_1045.pkl,1
./modality/PROTEINS/graph_1046.png,./modality/PROTEINS/graph_1046.pkl,1
./modality/PROTEINS/graph_1047.png,./modality/PROTEINS/graph_1047.pkl,1
./modality/PROTEINS/graph_1048.png,./modality/PROTEINS/graph_1048.pkl,1
./modality/PROTEINS/graph_1049.png,./modality/PROTEINS/graph_1049.pkl,1
./modality/PROTEINS/graph_1050.png,./modality/PROTEINS/graph_1050.pkl,1
./modality/PROTEINS/graph_1051.png,./modality/PROTEINS/graph_1051.pkl,1
./modality/PROTEINS/graph_1052.png,./modality/PROTEINS/graph_1052.pkl,1
./modality/PROTEINS/graph_1053.png,./modality/PROTEINS/graph_1053.pkl,1
./modality/PROTEINS/graph_1054.png,./modality/PROTEINS/graph_1054.pkl,1
./modality/PROTEINS/graph_1055.png,./modality/PROTEINS/graph_1055.pkl,1
./modality/PROTEINS/graph_1056.png,./modality/PROTEINS/graph_1056.pkl,1
./modality/PROTEINS/graph_1057.png,./modality/PROTEINS/graph_1057.pkl,1
./modality/PROTEINS/graph_1058.png,./modality/PROTEINS/graph_1058.pkl,1
./modality/PROTEINS/graph_1059.png,./modality/PROTEINS/graph_1059.pkl,1
./modality/PROTEINS/graph_1060.png,./modality/PROTEINS/graph_1060.pkl,1
./modality/PROTEINS/graph_1061.png,./modality/PROTEINS/graph_1061.pkl,1
./modality/PROTEINS/graph_1062.png,./modality/PROTEINS/graph_1062.pkl,1
./modality/PROTEINS/graph_1063.png,./modality/PROTEINS/graph_1063.pkl,1
./modality/PROTEINS/graph_1064.png,./modality/PROTEINS/graph_1064.pkl,1
./modality/PROTEINS/graph_1065.png,./modality/PROTEINS/graph_1065.pkl,1
./modality/PROTEINS/graph_1066.png,./modality/PROTEINS/graph_1066.pkl,1
./modality/PROTEINS/graph_1067.png,./modality/PROTEINS/graph_1067.pkl,1
./modality/PROTEINS/graph_1068.png,./modality/PROTEINS/graph_1068.pkl,1
./modality/PROTEINS/graph_1069.png,./modality/PROTEINS/graph_1069.pkl,1
./modality/PROTEINS/graph_1070.png,./modality/PROTEINS/graph_1070.pkl,1
./modality/PROTEINS/graph_1071.png,./modality/PROTEINS/graph_1071.pkl,1
./modality/PROTEINS/graph_1072.png,./modality/PROTEINS/graph_1072.pkl,1
./modality/PROTEINS/graph_1073.png,./modality/PROTEINS/graph_1073.pkl,1
./modality/PROTEINS/graph_1074.png,./modality/PROTEINS/graph_1074.pkl,1
./modality/PROTEINS/graph_1075.png,./modality/PROTEINS/graph_1075.pkl,1
./modality/PROTEINS/graph_1076.png,./modality/PROTEINS/graph_1076.pkl,1
./modality/PROTEINS/graph_1077.png,./modality/PROTEINS/graph_1077.pkl,1
./modality/PROTEINS/graph_1078.png,./modality/PROTEINS/graph_1078.pkl,1
./modality/PROTEINS/graph_1079.png,./modality/PROTEINS/graph_1079.pkl,1
./modality/PROTEINS/graph_1080.png,./modality/PROTEINS/graph_1080.pkl,1
./modality/PROTEINS/graph_1081.png,./modality/PROTEINS/graph_1081.pkl,1
./modality/PROTEINS/graph_1082.png,./modality/PROTEINS/graph_1082.pkl,1
./modality/PROTEINS/graph_1083.png,./modality/PROTEINS/graph_1083.pkl,1
./modality/PROTEINS/graph_1084.png,./modality/PROTEINS/graph_1084.pkl,1
./modality/PROTEINS/graph_1085.png,./modality/PROTEINS/graph_1085.pkl,1
./modality/PROTEINS/graph_1086.png,./modality/PROTEINS/graph_1086.pkl,1
./modality/PROTEINS/graph_1087.png,./modality/PROTEINS/graph_1087.pkl,1
./modality/PROTEINS/graph_1088.png,./modality/PROTEINS/graph_1088.pkl,1
./modality/PROTEINS/graph_1089.png,./modality/PROTEINS/graph_1089.pkl,1
./modality/PROTEINS/graph_1090.png,./modality/PROTEINS/graph_1090.pkl,1
./modality/PROTEINS/graph_1091.png,./modality/PROTEINS/graph_1091.pkl,1
./modality/PROTEINS/graph_1092.png,./modality/PROTEINS/graph_1092.pkl,1
./modality/PROTEINS/graph_1093.png,./modality/PROTEINS/graph_1093.pkl,1
./modality/PROTEINS/graph_1094.png,./modality/PROTEINS/graph_1094.pkl,1
./modality/PROTEINS/graph_1095.png,./modality/PROTEINS/graph_1095.pkl,1
./modality/PROTEINS/graph_1096.png,./modality/PROTEINS/graph_1096.pkl,1
./modality/PROTEINS/graph_1097.png,./modality/PROTEINS/graph_1097.pkl,1
./modality/PROTEINS/graph_1098.png,./modality/PROTEINS/graph_1098.pkl,1
./modality/PROTEINS/graph_1099.png,./modality/PROTEINS/graph_1099.pkl,1
./modality/PROTEINS/graph_1100.png,./modality/PROTEINS/graph_1100.pkl,1
./modality/PROTEINS/graph_1101.png,./modality/PROTEINS/graph_1101.pkl,1
./modality/PROTEINS/graph_1102.png,./modality/PROTEINS/graph_1102.pkl,1
./modality/PROTEINS/graph_1103.png,./modality/PROTEINS/graph_1103.pkl,1
./modality/PROTEINS/graph_1104.png,./modality/PROTEINS/graph_1104.pkl,1
./modality/PROTEINS/graph_1105.png,./modality/PROTEINS/graph_1105.pkl,1
./modality/PROTEINS/graph_1106.png,./modality/PROTEINS/graph_1106.pkl,1
./modality/PROTEINS/graph_1107.png,./modality/PROTEINS/graph_1107.pkl,1
./modality/PROTEINS/graph_1108.png,./modality/PROTEINS/graph_1108.pkl,1
./modality/PROTEINS/graph_1109.png,./modality/PROTEINS/graph_1109.pkl,1
./modality/PROTEINS/graph_1110.png,./modality/PROTEINS/graph_1110.pkl,1
./modality/PROTEINS/graph_1111.png,./modality/PROTEINS/graph_1111.pkl,1
./modality/PROTEINS/graph_1112.png,./modality/PROTEINS/graph_1112.pkl,1
