image_path,label
./img/PROTEINS/graph_0.png,0
./img/PROTEINS/graph_1.png,0
./img/PROTEINS/graph_2.png,0
./img/PROTEINS/graph_3.png,0
./img/PROTEINS/graph_4.png,0
./img/PROTEINS/graph_5.png,0
./img/PROTEINS/graph_6.png,0
./img/PROTEINS/graph_7.png,0
./img/PROTEINS/graph_8.png,0
./img/PROTEINS/graph_9.png,0
./img/PROTEINS/graph_10.png,0
./img/PROTEINS/graph_11.png,0
./img/PROTEINS/graph_12.png,0
./img/PROTEINS/graph_13.png,0
./img/PROTEINS/graph_14.png,0
./img/PROTEINS/graph_15.png,0
./img/PROTEINS/graph_16.png,0
./img/PROTEINS/graph_17.png,0
./img/PROTEINS/graph_18.png,0
./img/PROTEINS/graph_19.png,0
./img/PROTEINS/graph_20.png,0
./img/PROTEINS/graph_21.png,0
./img/PROTEINS/graph_22.png,0
./img/PROTEINS/graph_23.png,0
./img/PROTEINS/graph_24.png,0
./img/PROTEINS/graph_25.png,0
./img/PROTEINS/graph_26.png,0
./img/PROTEINS/graph_27.png,0
./img/PROTEINS/graph_28.png,0
./img/PROTEINS/graph_29.png,0
./img/PROTEINS/graph_30.png,0
./img/PROTEINS/graph_31.png,0
./img/PROTEINS/graph_32.png,0
./img/PROTEINS/graph_33.png,0
./img/PROTEINS/graph_34.png,0
./img/PROTEINS/graph_35.png,0
./img/PROTEINS/graph_36.png,0
./img/PROTEINS/graph_37.png,0
./img/PROTEINS/graph_38.png,0
./img/PROTEINS/graph_39.png,0
./img/PROTEINS/graph_40.png,0
./img/PROTEINS/graph_41.png,0
./img/PROTEINS/graph_42.png,0
./img/PROTEINS/graph_43.png,0
./img/PROTEINS/graph_44.png,0
./img/PROTEINS/graph_45.png,0
./img/PROTEINS/graph_46.png,0
./img/PROTEINS/graph_47.png,0
./img/PROTEINS/graph_48.png,0
./img/PROTEINS/graph_49.png,0
./img/PROTEINS/graph_50.png,0
./img/PROTEINS/graph_51.png,0
./img/PROTEINS/graph_52.png,0
./img/PROTEINS/graph_53.png,0
./img/PROTEINS/graph_54.png,0
./img/PROTEINS/graph_55.png,0
./img/PROTEINS/graph_56.png,0
./img/PROTEINS/graph_57.png,0
./img/PROTEINS/graph_58.png,0
./img/PROTEINS/graph_59.png,0
./img/PROTEINS/graph_60.png,0
./img/PROTEINS/graph_61.png,0
./img/PROTEINS/graph_62.png,0
./img/PROTEINS/graph_63.png,0
./img/PROTEINS/graph_64.png,0
./img/PROTEINS/graph_65.png,0
./img/PROTEINS/graph_66.png,0
./img/PROTEINS/graph_67.png,0
./img/PROTEINS/graph_68.png,0
./img/PROTEINS/graph_69.png,0
./img/PROTEINS/graph_70.png,0
./img/PROTEINS/graph_71.png,0
./img/PROTEINS/graph_72.png,0
./img/PROTEINS/graph_73.png,0
./img/PROTEINS/graph_74.png,0
./img/PROTEINS/graph_75.png,0
./img/PROTEINS/graph_76.png,0
./img/PROTEINS/graph_77.png,0
./img/PROTEINS/graph_78.png,0
./img/PROTEINS/graph_79.png,0
./img/PROTEINS/graph_80.png,0
./img/PROTEINS/graph_81.png,0
./img/PROTEINS/graph_82.png,0
./img/PROTEINS/graph_83.png,0
./img/PROTEINS/graph_84.png,0
./img/PROTEINS/graph_85.png,0
./img/PROTEINS/graph_86.png,0
./img/PROTEINS/graph_87.png,0
./img/PROTEINS/graph_88.png,0
./img/PROTEINS/graph_89.png,0
./img/PROTEINS/graph_90.png,0
./img/PROTEINS/graph_91.png,0
./img/PROTEINS/graph_92.png,0
./img/PROTEINS/graph_93.png,0
./img/PROTEINS/graph_94.png,0
./img/PROTEINS/graph_95.png,0
./img/PROTEINS/graph_96.png,0
./img/PROTEINS/graph_97.png,0
./img/PROTEINS/graph_98.png,0
./img/PROTEINS/graph_99.png,0
./img/PROTEINS/graph_100.png,0
./img/PROTEINS/graph_101.png,0
./img/PROTEINS/graph_102.png,0
./img/PROTEINS/graph_103.png,0
./img/PROTEINS/graph_104.png,0
./img/PROTEINS/graph_105.png,0
./img/PROTEINS/graph_106.png,0
./img/PROTEINS/graph_107.png,0
./img/PROTEINS/graph_108.png,0
./img/PROTEINS/graph_109.png,0
./img/PROTEINS/graph_110.png,0
./img/PROTEINS/graph_111.png,0
./img/PROTEINS/graph_112.png,0
./img/PROTEINS/graph_113.png,0
./img/PROTEINS/graph_114.png,0
./img/PROTEINS/graph_115.png,0
./img/PROTEINS/graph_116.png,0
./img/PROTEINS/graph_117.png,0
./img/PROTEINS/graph_118.png,0
./img/PROTEINS/graph_119.png,0
./img/PROTEINS/graph_120.png,0
./img/PROTEINS/graph_121.png,0
./img/PROTEINS/graph_122.png,0
./img/PROTEINS/graph_123.png,0
./img/PROTEINS/graph_124.png,0
./img/PROTEINS/graph_125.png,0
./img/PROTEINS/graph_126.png,0
./img/PROTEINS/graph_127.png,0
./img/PROTEINS/graph_128.png,0
./img/PROTEINS/graph_129.png,0
./img/PROTEINS/graph_130.png,0
./img/PROTEINS/graph_131.png,0
./img/PROTEINS/graph_132.png,0
./img/PROTEINS/graph_133.png,0
./img/PROTEINS/graph_134.png,0
./img/PROTEINS/graph_135.png,0
./img/PROTEINS/graph_136.png,0
./img/PROTEINS/graph_137.png,0
./img/PROTEINS/graph_138.png,0
./img/PROTEINS/graph_139.png,0
./img/PROTEINS/graph_140.png,0
./img/PROTEINS/graph_141.png,0
./img/PROTEINS/graph_142.png,0
./img/PROTEINS/graph_143.png,0
./img/PROTEINS/graph_144.png,0
./img/PROTEINS/graph_145.png,0
./img/PROTEINS/graph_146.png,0
./img/PROTEINS/graph_147.png,0
./img/PROTEINS/graph_148.png,0
./img/PROTEINS/graph_149.png,0
./img/PROTEINS/graph_150.png,0
./img/PROTEINS/graph_151.png,0
./img/PROTEINS/graph_152.png,0
./img/PROTEINS/graph_153.png,0
./img/PROTEINS/graph_154.png,0
./img/PROTEINS/graph_155.png,0
./img/PROTEINS/graph_156.png,0
./img/PROTEINS/graph_157.png,0
./img/PROTEINS/graph_158.png,0
./img/PROTEINS/graph_159.png,0
./img/PROTEINS/graph_160.png,0
./img/PROTEINS/graph_161.png,0
./img/PROTEINS/graph_162.png,0
./img/PROTEINS/graph_163.png,0
./img/PROTEINS/graph_164.png,0
./img/PROTEINS/graph_165.png,0
./img/PROTEINS/graph_166.png,0
./img/PROTEINS/graph_167.png,0
./img/PROTEINS/graph_168.png,0
./img/PROTEINS/graph_169.png,0
./img/PROTEINS/graph_170.png,0
./img/PROTEINS/graph_171.png,0
./img/PROTEINS/graph_172.png,0
./img/PROTEINS/graph_173.png,0
./img/PROTEINS/graph_174.png,0
./img/PROTEINS/graph_175.png,0
./img/PROTEINS/graph_176.png,0
./img/PROTEINS/graph_177.png,0
./img/PROTEINS/graph_178.png,0
./img/PROTEINS/graph_179.png,0
./img/PROTEINS/graph_180.png,0
./img/PROTEINS/graph_181.png,0
./img/PROTEINS/graph_182.png,0
./img/PROTEINS/graph_183.png,0
./img/PROTEINS/graph_184.png,0
./img/PROTEINS/graph_185.png,0
./img/PROTEINS/graph_186.png,0
./img/PROTEINS/graph_187.png,0
./img/PROTEINS/graph_188.png,0
./img/PROTEINS/graph_189.png,0
./img/PROTEINS/graph_190.png,0
./img/PROTEINS/graph_191.png,0
./img/PROTEINS/graph_192.png,0
./img/PROTEINS/graph_193.png,0
./img/PROTEINS/graph_194.png,0
./img/PROTEINS/graph_195.png,0
./img/PROTEINS/graph_196.png,0
./img/PROTEINS/graph_197.png,0
./img/PROTEINS/graph_198.png,0
./img/PROTEINS/graph_199.png,0
./img/PROTEINS/graph_200.png,0
./img/PROTEINS/graph_201.png,0
./img/PROTEINS/graph_202.png,0
./img/PROTEINS/graph_203.png,0
./img/PROTEINS/graph_204.png,0
./img/PROTEINS/graph_205.png,0
./img/PROTEINS/graph_206.png,0
./img/PROTEINS/graph_207.png,0
./img/PROTEINS/graph_208.png,0
./img/PROTEINS/graph_209.png,0
./img/PROTEINS/graph_210.png,0
./img/PROTEINS/graph_211.png,0
./img/PROTEINS/graph_212.png,0
./img/PROTEINS/graph_213.png,0
./img/PROTEINS/graph_214.png,0
./img/PROTEINS/graph_215.png,0
./img/PROTEINS/graph_216.png,0
./img/PROTEINS/graph_217.png,0
./img/PROTEINS/graph_218.png,0
./img/PROTEINS/graph_219.png,0
./img/PROTEINS/graph_220.png,0
./img/PROTEINS/graph_221.png,0
./img/PROTEINS/graph_222.png,0
./img/PROTEINS/graph_223.png,0
./img/PROTEINS/graph_224.png,0
./img/PROTEINS/graph_225.png,0
./img/PROTEINS/graph_226.png,0
./img/PROTEINS/graph_227.png,0
./img/PROTEINS/graph_228.png,0
./img/PROTEINS/graph_229.png,0
./img/PROTEINS/graph_230.png,0
./img/PROTEINS/graph_231.png,0
./img/PROTEINS/graph_232.png,0
./img/PROTEINS/graph_233.png,0
./img/PROTEINS/graph_234.png,0
./img/PROTEINS/graph_235.png,0
./img/PROTEINS/graph_236.png,0
./img/PROTEINS/graph_237.png,0
./img/PROTEINS/graph_238.png,0
./img/PROTEINS/graph_239.png,0
./img/PROTEINS/graph_240.png,0
./img/PROTEINS/graph_241.png,0
./img/PROTEINS/graph_242.png,0
./img/PROTEINS/graph_243.png,0
./img/PROTEINS/graph_244.png,0
./img/PROTEINS/graph_245.png,0
./img/PROTEINS/graph_246.png,0
./img/PROTEINS/graph_247.png,0
./img/PROTEINS/graph_248.png,0
./img/PROTEINS/graph_249.png,0
./img/PROTEINS/graph_250.png,0
./img/PROTEINS/graph_251.png,0
./img/PROTEINS/graph_252.png,0
./img/PROTEINS/graph_253.png,0
./img/PROTEINS/graph_254.png,0
./img/PROTEINS/graph_255.png,0
./img/PROTEINS/graph_256.png,0
./img/PROTEINS/graph_257.png,0
./img/PROTEINS/graph_258.png,0
./img/PROTEINS/graph_259.png,0
./img/PROTEINS/graph_260.png,0
./img/PROTEINS/graph_261.png,0
./img/PROTEINS/graph_262.png,0
./img/PROTEINS/graph_263.png,0
./img/PROTEINS/graph_264.png,0
./img/PROTEINS/graph_265.png,0
./img/PROTEINS/graph_266.png,0
./img/PROTEINS/graph_267.png,0
./img/PROTEINS/graph_268.png,0
./img/PROTEINS/graph_269.png,0
./img/PROTEINS/graph_270.png,0
./img/PROTEINS/graph_271.png,0
./img/PROTEINS/graph_272.png,0
./img/PROTEINS/graph_273.png,0
./img/PROTEINS/graph_274.png,0
./img/PROTEINS/graph_275.png,0
./img/PROTEINS/graph_276.png,0
./img/PROTEINS/graph_277.png,0
./img/PROTEINS/graph_278.png,0
./img/PROTEINS/graph_279.png,0
./img/PROTEINS/graph_280.png,0
./img/PROTEINS/graph_281.png,0
./img/PROTEINS/graph_282.png,0
./img/PROTEINS/graph_283.png,0
./img/PROTEINS/graph_284.png,0
./img/PROTEINS/graph_285.png,0
./img/PROTEINS/graph_286.png,0
./img/PROTEINS/graph_287.png,0
./img/PROTEINS/graph_288.png,0
./img/PROTEINS/graph_289.png,0
./img/PROTEINS/graph_290.png,0
./img/PROTEINS/graph_291.png,0
./img/PROTEINS/graph_292.png,0
./img/PROTEINS/graph_293.png,0
./img/PROTEINS/graph_294.png,0
./img/PROTEINS/graph_295.png,0
./img/PROTEINS/graph_296.png,0
./img/PROTEINS/graph_297.png,0
./img/PROTEINS/graph_298.png,0
./img/PROTEINS/graph_299.png,0
./img/PROTEINS/graph_300.png,0
./img/PROTEINS/graph_301.png,0
./img/PROTEINS/graph_302.png,0
./img/PROTEINS/graph_303.png,0
./img/PROTEINS/graph_304.png,0
./img/PROTEINS/graph_305.png,0
./img/PROTEINS/graph_306.png,0
./img/PROTEINS/graph_307.png,0
./img/PROTEINS/graph_308.png,0
./img/PROTEINS/graph_309.png,0
./img/PROTEINS/graph_310.png,0
./img/PROTEINS/graph_311.png,0
./img/PROTEINS/graph_312.png,0
./img/PROTEINS/graph_313.png,0
./img/PROTEINS/graph_314.png,0
./img/PROTEINS/graph_315.png,0
./img/PROTEINS/graph_316.png,0
./img/PROTEINS/graph_317.png,0
./img/PROTEINS/graph_318.png,0
./img/PROTEINS/graph_319.png,0
./img/PROTEINS/graph_320.png,0
./img/PROTEINS/graph_321.png,0
./img/PROTEINS/graph_322.png,0
./img/PROTEINS/graph_323.png,0
./img/PROTEINS/graph_324.png,0
./img/PROTEINS/graph_325.png,0
./img/PROTEINS/graph_326.png,0
./img/PROTEINS/graph_327.png,0
./img/PROTEINS/graph_328.png,0
./img/PROTEINS/graph_329.png,0
./img/PROTEINS/graph_330.png,0
./img/PROTEINS/graph_331.png,0
./img/PROTEINS/graph_332.png,0
./img/PROTEINS/graph_333.png,0
./img/PROTEINS/graph_334.png,0
./img/PROTEINS/graph_335.png,0
./img/PROTEINS/graph_336.png,0
./img/PROTEINS/graph_337.png,0
./img/PROTEINS/graph_338.png,0
./img/PROTEINS/graph_339.png,0
./img/PROTEINS/graph_340.png,0
./img/PROTEINS/graph_341.png,0
./img/PROTEINS/graph_342.png,0
./img/PROTEINS/graph_343.png,0
./img/PROTEINS/graph_344.png,0
./img/PROTEINS/graph_345.png,0
./img/PROTEINS/graph_346.png,0
./img/PROTEINS/graph_347.png,0
./img/PROTEINS/graph_348.png,0
./img/PROTEINS/graph_349.png,0
./img/PROTEINS/graph_350.png,0
./img/PROTEINS/graph_351.png,0
./img/PROTEINS/graph_352.png,0
./img/PROTEINS/graph_353.png,0
./img/PROTEINS/graph_354.png,0
./img/PROTEINS/graph_355.png,0
./img/PROTEINS/graph_356.png,0
./img/PROTEINS/graph_357.png,0
./img/PROTEINS/graph_358.png,0
./img/PROTEINS/graph_359.png,0
./img/PROTEINS/graph_360.png,0
./img/PROTEINS/graph_361.png,0
./img/PROTEINS/graph_362.png,0
./img/PROTEINS/graph_363.png,0
./img/PROTEINS/graph_364.png,0
./img/PROTEINS/graph_365.png,0
./img/PROTEINS/graph_366.png,0
./img/PROTEINS/graph_367.png,0
./img/PROTEINS/graph_368.png,0
./img/PROTEINS/graph_369.png,0
./img/PROTEINS/graph_370.png,0
./img/PROTEINS/graph_371.png,0
./img/PROTEINS/graph_372.png,0
./img/PROTEINS/graph_373.png,0
./img/PROTEINS/graph_374.png,0
./img/PROTEINS/graph_375.png,0
./img/PROTEINS/graph_376.png,0
./img/PROTEINS/graph_377.png,0
./img/PROTEINS/graph_378.png,0
./img/PROTEINS/graph_379.png,0
./img/PROTEINS/graph_380.png,0
./img/PROTEINS/graph_381.png,0
./img/PROTEINS/graph_382.png,0
./img/PROTEINS/graph_383.png,0
./img/PROTEINS/graph_384.png,0
./img/PROTEINS/graph_385.png,0
./img/PROTEINS/graph_386.png,0
./img/PROTEINS/graph_387.png,0
./img/PROTEINS/graph_388.png,0
./img/PROTEINS/graph_389.png,0
./img/PROTEINS/graph_390.png,0
./img/PROTEINS/graph_391.png,0
./img/PROTEINS/graph_392.png,0
./img/PROTEINS/graph_393.png,0
./img/PROTEINS/graph_394.png,0
./img/PROTEINS/graph_395.png,0
./img/PROTEINS/graph_396.png,0
./img/PROTEINS/graph_397.png,0
./img/PROTEINS/graph_398.png,0
./img/PROTEINS/graph_399.png,0
./img/PROTEINS/graph_400.png,0
./img/PROTEINS/graph_401.png,0
./img/PROTEINS/graph_402.png,0
./img/PROTEINS/graph_403.png,0
./img/PROTEINS/graph_404.png,0
./img/PROTEINS/graph_405.png,0
./img/PROTEINS/graph_406.png,0
./img/PROTEINS/graph_407.png,0
./img/PROTEINS/graph_408.png,0
./img/PROTEINS/graph_409.png,0
./img/PROTEINS/graph_410.png,0
./img/PROTEINS/graph_411.png,0
./img/PROTEINS/graph_412.png,0
./img/PROTEINS/graph_413.png,0
./img/PROTEINS/graph_414.png,0
./img/PROTEINS/graph_415.png,0
./img/PROTEINS/graph_416.png,0
./img/PROTEINS/graph_417.png,0
./img/PROTEINS/graph_418.png,0
./img/PROTEINS/graph_419.png,0
./img/PROTEINS/graph_420.png,0
./img/PROTEINS/graph_421.png,0
./img/PROTEINS/graph_422.png,0
./img/PROTEINS/graph_423.png,0
./img/PROTEINS/graph_424.png,0
./img/PROTEINS/graph_425.png,0
./img/PROTEINS/graph_426.png,0
./img/PROTEINS/graph_427.png,0
./img/PROTEINS/graph_428.png,0
./img/PROTEINS/graph_429.png,0
./img/PROTEINS/graph_430.png,0
./img/PROTEINS/graph_431.png,0
./img/PROTEINS/graph_432.png,0
./img/PROTEINS/graph_433.png,0
./img/PROTEINS/graph_434.png,0
./img/PROTEINS/graph_435.png,0
./img/PROTEINS/graph_436.png,0
./img/PROTEINS/graph_437.png,0
./img/PROTEINS/graph_438.png,0
./img/PROTEINS/graph_439.png,0
./img/PROTEINS/graph_440.png,0
./img/PROTEINS/graph_441.png,0
./img/PROTEINS/graph_442.png,0
./img/PROTEINS/graph_443.png,0
./img/PROTEINS/graph_444.png,0
./img/PROTEINS/graph_445.png,0
./img/PROTEINS/graph_446.png,0
./img/PROTEINS/graph_447.png,0
./img/PROTEINS/graph_448.png,0
./img/PROTEINS/graph_449.png,0
./img/PROTEINS/graph_450.png,0
./img/PROTEINS/graph_451.png,0
./img/PROTEINS/graph_452.png,0
./img/PROTEINS/graph_453.png,0
./img/PROTEINS/graph_454.png,0
./img/PROTEINS/graph_455.png,0
./img/PROTEINS/graph_456.png,0
./img/PROTEINS/graph_457.png,0
./img/PROTEINS/graph_458.png,0
./img/PROTEINS/graph_459.png,0
./img/PROTEINS/graph_460.png,0
./img/PROTEINS/graph_461.png,0
./img/PROTEINS/graph_462.png,0
./img/PROTEINS/graph_463.png,0
./img/PROTEINS/graph_464.png,0
./img/PROTEINS/graph_465.png,0
./img/PROTEINS/graph_466.png,0
./img/PROTEINS/graph_467.png,0
./img/PROTEINS/graph_468.png,0
./img/PROTEINS/graph_469.png,0
./img/PROTEINS/graph_470.png,0
./img/PROTEINS/graph_471.png,0
./img/PROTEINS/graph_472.png,0
./img/PROTEINS/graph_473.png,0
./img/PROTEINS/graph_474.png,0
./img/PROTEINS/graph_475.png,0
./img/PROTEINS/graph_476.png,0
./img/PROTEINS/graph_477.png,0
./img/PROTEINS/graph_478.png,0
./img/PROTEINS/graph_479.png,0
./img/PROTEINS/graph_480.png,0
./img/PROTEINS/graph_481.png,0
./img/PROTEINS/graph_482.png,0
./img/PROTEINS/graph_483.png,0
./img/PROTEINS/graph_484.png,0
./img/PROTEINS/graph_485.png,0
./img/PROTEINS/graph_486.png,0
./img/PROTEINS/graph_487.png,0
./img/PROTEINS/graph_488.png,0
./img/PROTEINS/graph_489.png,0
./img/PROTEINS/graph_490.png,0
./img/PROTEINS/graph_491.png,0
./img/PROTEINS/graph_492.png,0
./img/PROTEINS/graph_493.png,0
./img/PROTEINS/graph_494.png,0
./img/PROTEINS/graph_495.png,0
./img/PROTEINS/graph_496.png,0
./img/PROTEINS/graph_497.png,0
./img/PROTEINS/graph_498.png,0
./img/PROTEINS/graph_499.png,0
./img/PROTEINS/graph_500.png,0
./img/PROTEINS/graph_501.png,0
./img/PROTEINS/graph_502.png,0
./img/PROTEINS/graph_503.png,0
./img/PROTEINS/graph_504.png,0
./img/PROTEINS/graph_505.png,0
./img/PROTEINS/graph_506.png,0
./img/PROTEINS/graph_507.png,0
./img/PROTEINS/graph_508.png,0
./img/PROTEINS/graph_509.png,0
./img/PROTEINS/graph_510.png,0
./img/PROTEINS/graph_511.png,0
./img/PROTEINS/graph_512.png,0
./img/PROTEINS/graph_513.png,0
./img/PROTEINS/graph_514.png,0
./img/PROTEINS/graph_515.png,0
./img/PROTEINS/graph_516.png,0
./img/PROTEINS/graph_517.png,0
./img/PROTEINS/graph_518.png,0
./img/PROTEINS/graph_519.png,0
./img/PROTEINS/graph_520.png,0
./img/PROTEINS/graph_521.png,0
./img/PROTEINS/graph_522.png,0
./img/PROTEINS/graph_523.png,0
./img/PROTEINS/graph_524.png,0
./img/PROTEINS/graph_525.png,0
./img/PROTEINS/graph_526.png,0
./img/PROTEINS/graph_527.png,0
./img/PROTEINS/graph_528.png,0
./img/PROTEINS/graph_529.png,0
./img/PROTEINS/graph_530.png,0
./img/PROTEINS/graph_531.png,0
./img/PROTEINS/graph_532.png,0
./img/PROTEINS/graph_533.png,0
./img/PROTEINS/graph_534.png,0
./img/PROTEINS/graph_535.png,0
./img/PROTEINS/graph_536.png,0
./img/PROTEINS/graph_537.png,0
./img/PROTEINS/graph_538.png,0
./img/PROTEINS/graph_539.png,0
./img/PROTEINS/graph_540.png,0
./img/PROTEINS/graph_541.png,0
./img/PROTEINS/graph_542.png,0
./img/PROTEINS/graph_543.png,0
./img/PROTEINS/graph_544.png,0
./img/PROTEINS/graph_545.png,0
./img/PROTEINS/graph_546.png,0
./img/PROTEINS/graph_547.png,0
./img/PROTEINS/graph_548.png,0
./img/PROTEINS/graph_549.png,0
./img/PROTEINS/graph_550.png,0
./img/PROTEINS/graph_551.png,0
./img/PROTEINS/graph_552.png,0
./img/PROTEINS/graph_553.png,0
./img/PROTEINS/graph_554.png,0
./img/PROTEINS/graph_555.png,0
./img/PROTEINS/graph_556.png,0
./img/PROTEINS/graph_557.png,0
./img/PROTEINS/graph_558.png,0
./img/PROTEINS/graph_559.png,0
./img/PROTEINS/graph_560.png,0
./img/PROTEINS/graph_561.png,0
./img/PROTEINS/graph_562.png,0
./img/PROTEINS/graph_563.png,0
./img/PROTEINS/graph_564.png,0
./img/PROTEINS/graph_565.png,0
./img/PROTEINS/graph_566.png,0
./img/PROTEINS/graph_567.png,0
./img/PROTEINS/graph_568.png,0
./img/PROTEINS/graph_569.png,0
./img/PROTEINS/graph_570.png,0
./img/PROTEINS/graph_571.png,0
./img/PROTEINS/graph_572.png,0
./img/PROTEINS/graph_573.png,0
./img/PROTEINS/graph_574.png,0
./img/PROTEINS/graph_575.png,0
./img/PROTEINS/graph_576.png,0
./img/PROTEINS/graph_577.png,0
./img/PROTEINS/graph_578.png,0
./img/PROTEINS/graph_579.png,0
./img/PROTEINS/graph_580.png,0
./img/PROTEINS/graph_581.png,0
./img/PROTEINS/graph_582.png,0
./img/PROTEINS/graph_583.png,0
./img/PROTEINS/graph_584.png,0
./img/PROTEINS/graph_585.png,0
./img/PROTEINS/graph_586.png,0
./img/PROTEINS/graph_587.png,0
./img/PROTEINS/graph_588.png,0
./img/PROTEINS/graph_589.png,0
./img/PROTEINS/graph_590.png,0
./img/PROTEINS/graph_591.png,0
./img/PROTEINS/graph_592.png,0
./img/PROTEINS/graph_593.png,0
./img/PROTEINS/graph_594.png,0
./img/PROTEINS/graph_595.png,0
./img/PROTEINS/graph_596.png,0
./img/PROTEINS/graph_597.png,0
./img/PROTEINS/graph_598.png,0
./img/PROTEINS/graph_599.png,0
./img/PROTEINS/graph_600.png,0
./img/PROTEINS/graph_601.png,0
./img/PROTEINS/graph_602.png,0
./img/PROTEINS/graph_603.png,0
./img/PROTEINS/graph_604.png,0
./img/PROTEINS/graph_605.png,0
./img/PROTEINS/graph_606.png,0
./img/PROTEINS/graph_607.png,0
./img/PROTEINS/graph_608.png,0
./img/PROTEINS/graph_609.png,0
./img/PROTEINS/graph_610.png,0
./img/PROTEINS/graph_611.png,0
./img/PROTEINS/graph_612.png,0
./img/PROTEINS/graph_613.png,0
./img/PROTEINS/graph_614.png,0
./img/PROTEINS/graph_615.png,0
./img/PROTEINS/graph_616.png,0
./img/PROTEINS/graph_617.png,0
./img/PROTEINS/graph_618.png,0
./img/PROTEINS/graph_619.png,0
./img/PROTEINS/graph_620.png,0
./img/PROTEINS/graph_621.png,0
./img/PROTEINS/graph_622.png,0
./img/PROTEINS/graph_623.png,0
./img/PROTEINS/graph_624.png,0
./img/PROTEINS/graph_625.png,0
./img/PROTEINS/graph_626.png,0
./img/PROTEINS/graph_627.png,0
./img/PROTEINS/graph_628.png,0
./img/PROTEINS/graph_629.png,0
./img/PROTEINS/graph_630.png,0
./img/PROTEINS/graph_631.png,0
./img/PROTEINS/graph_632.png,0
./img/PROTEINS/graph_633.png,0
./img/PROTEINS/graph_634.png,0
./img/PROTEINS/graph_635.png,0
./img/PROTEINS/graph_636.png,0
./img/PROTEINS/graph_637.png,0
./img/PROTEINS/graph_638.png,0
./img/PROTEINS/graph_639.png,0
./img/PROTEINS/graph_640.png,0
./img/PROTEINS/graph_641.png,0
./img/PROTEINS/graph_642.png,0
./img/PROTEINS/graph_643.png,0
./img/PROTEINS/graph_644.png,0
./img/PROTEINS/graph_645.png,0
./img/PROTEINS/graph_646.png,0
./img/PROTEINS/graph_647.png,0
./img/PROTEINS/graph_648.png,0
./img/PROTEINS/graph_649.png,0
./img/PROTEINS/graph_650.png,0
./img/PROTEINS/graph_651.png,0
./img/PROTEINS/graph_652.png,0
./img/PROTEINS/graph_653.png,0
./img/PROTEINS/graph_654.png,0
./img/PROTEINS/graph_655.png,0
./img/PROTEINS/graph_656.png,0
./img/PROTEINS/graph_657.png,0
./img/PROTEINS/graph_658.png,0
./img/PROTEINS/graph_659.png,0
./img/PROTEINS/graph_660.png,0
./img/PROTEINS/graph_661.png,0
./img/PROTEINS/graph_662.png,0
./img/PROTEINS/graph_663.png,1
./img/PROTEINS/graph_664.png,1
./img/PROTEINS/graph_665.png,1
./img/PROTEINS/graph_666.png,1
./img/PROTEINS/graph_667.png,1
./img/PROTEINS/graph_668.png,1
./img/PROTEINS/graph_669.png,1
./img/PROTEINS/graph_670.png,1
./img/PROTEINS/graph_671.png,1
./img/PROTEINS/graph_672.png,1
./img/PROTEINS/graph_673.png,1
./img/PROTEINS/graph_674.png,1
./img/PROTEINS/graph_675.png,1
./img/PROTEINS/graph_676.png,1
./img/PROTEINS/graph_677.png,1
./img/PROTEINS/graph_678.png,1
./img/PROTEINS/graph_679.png,1
./img/PROTEINS/graph_680.png,1
./img/PROTEINS/graph_681.png,1
./img/PROTEINS/graph_682.png,1
./img/PROTEINS/graph_683.png,1
./img/PROTEINS/graph_684.png,1
./img/PROTEINS/graph_685.png,1
./img/PROTEINS/graph_686.png,1
./img/PROTEINS/graph_687.png,1
./img/PROTEINS/graph_688.png,1
./img/PROTEINS/graph_689.png,1
./img/PROTEINS/graph_690.png,1
./img/PROTEINS/graph_691.png,1
./img/PROTEINS/graph_692.png,1
./img/PROTEINS/graph_693.png,1
./img/PROTEINS/graph_694.png,1
./img/PROTEINS/graph_695.png,1
./img/PROTEINS/graph_696.png,1
./img/PROTEINS/graph_697.png,1
./img/PROTEINS/graph_698.png,1
./img/PROTEINS/graph_699.png,1
./img/PROTEINS/graph_700.png,1
./img/PROTEINS/graph_701.png,1
./img/PROTEINS/graph_702.png,1
./img/PROTEINS/graph_703.png,1
./img/PROTEINS/graph_704.png,1
./img/PROTEINS/graph_705.png,1
./img/PROTEINS/graph_706.png,1
./img/PROTEINS/graph_707.png,1
./img/PROTEINS/graph_708.png,1
./img/PROTEINS/graph_709.png,1
./img/PROTEINS/graph_710.png,1
./img/PROTEINS/graph_711.png,1
./img/PROTEINS/graph_712.png,1
./img/PROTEINS/graph_713.png,1
./img/PROTEINS/graph_714.png,1
./img/PROTEINS/graph_715.png,1
./img/PROTEINS/graph_716.png,1
./img/PROTEINS/graph_717.png,1
./img/PROTEINS/graph_718.png,1
./img/PROTEINS/graph_719.png,1
./img/PROTEINS/graph_720.png,1
./img/PROTEINS/graph_721.png,1
./img/PROTEINS/graph_722.png,1
./img/PROTEINS/graph_723.png,1
./img/PROTEINS/graph_724.png,1
./img/PROTEINS/graph_725.png,1
./img/PROTEINS/graph_726.png,1
./img/PROTEINS/graph_727.png,1
./img/PROTEINS/graph_728.png,1
./img/PROTEINS/graph_729.png,1
./img/PROTEINS/graph_730.png,1
./img/PROTEINS/graph_731.png,1
./img/PROTEINS/graph_732.png,1
./img/PROTEINS/graph_733.png,1
./img/PROTEINS/graph_734.png,1
./img/PROTEINS/graph_735.png,1
./img/PROTEINS/graph_736.png,1
./img/PROTEINS/graph_737.png,1
./img/PROTEINS/graph_738.png,1
./img/PROTEINS/graph_739.png,1
./img/PROTEINS/graph_740.png,1
./img/PROTEINS/graph_741.png,1
./img/PROTEINS/graph_742.png,1
./img/PROTEINS/graph_743.png,1
./img/PROTEINS/graph_744.png,1
./img/PROTEINS/graph_745.png,1
./img/PROTEINS/graph_746.png,1
./img/PROTEINS/graph_747.png,1
./img/PROTEINS/graph_748.png,1
./img/PROTEINS/graph_749.png,1
./img/PROTEINS/graph_750.png,1
./img/PROTEINS/graph_751.png,1
./img/PROTEINS/graph_752.png,1
./img/PROTEINS/graph_753.png,1
./img/PROTEINS/graph_754.png,1
./img/PROTEINS/graph_755.png,1
./img/PROTEINS/graph_756.png,1
./img/PROTEINS/graph_757.png,1
./img/PROTEINS/graph_758.png,1
./img/PROTEINS/graph_759.png,1
./img/PROTEINS/graph_760.png,1
./img/PROTEINS/graph_761.png,1
./img/PROTEINS/graph_762.png,1
./img/PROTEINS/graph_763.png,1
./img/PROTEINS/graph_764.png,1
./img/PROTEINS/graph_765.png,1
./img/PROTEINS/graph_766.png,1
./img/PROTEINS/graph_767.png,1
./img/PROTEINS/graph_768.png,1
./img/PROTEINS/graph_769.png,1
./img/PROTEINS/graph_770.png,1
./img/PROTEINS/graph_771.png,1
./img/PROTEINS/graph_772.png,1
./img/PROTEINS/graph_773.png,1
./img/PROTEINS/graph_774.png,1
./img/PROTEINS/graph_775.png,1
./img/PROTEINS/graph_776.png,1
./img/PROTEINS/graph_777.png,1
./img/PROTEINS/graph_778.png,1
./img/PROTEINS/graph_779.png,1
./img/PROTEINS/graph_780.png,1
./img/PROTEINS/graph_781.png,1
./img/PROTEINS/graph_782.png,1
./img/PROTEINS/graph_783.png,1
./img/PROTEINS/graph_784.png,1
./img/PROTEINS/graph_785.png,1
./img/PROTEINS/graph_786.png,1
./img/PROTEINS/graph_787.png,1
./img/PROTEINS/graph_788.png,1
./img/PROTEINS/graph_789.png,1
./img/PROTEINS/graph_790.png,1
./img/PROTEINS/graph_791.png,1
./img/PROTEINS/graph_792.png,1
./img/PROTEINS/graph_793.png,1
./img/PROTEINS/graph_794.png,1
./img/PROTEINS/graph_795.png,1
./img/PROTEINS/graph_796.png,1
./img/PROTEINS/graph_797.png,1
./img/PROTEINS/graph_798.png,1
./img/PROTEINS/graph_799.png,1
./img/PROTEINS/graph_800.png,1
./img/PROTEINS/graph_801.png,1
./img/PROTEINS/graph_802.png,1
./img/PROTEINS/graph_803.png,1
./img/PROTEINS/graph_804.png,1
./img/PROTEINS/graph_805.png,1
./img/PROTEINS/graph_806.png,1
./img/PROTEINS/graph_807.png,1
./img/PROTEINS/graph_808.png,1
./img/PROTEINS/graph_809.png,1
./img/PROTEINS/graph_810.png,1
./img/PROTEINS/graph_811.png,1
./img/PROTEINS/graph_812.png,1
./img/PROTEINS/graph_813.png,1
./img/PROTEINS/graph_814.png,1
./img/PROTEINS/graph_815.png,1
./img/PROTEINS/graph_816.png,1
./img/PROTEINS/graph_817.png,1
./img/PROTEINS/graph_818.png,1
./img/PROTEINS/graph_819.png,1
./img/PROTEINS/graph_820.png,1
./img/PROTEINS/graph_821.png,1
./img/PROTEINS/graph_822.png,1
./img/PROTEINS/graph_823.png,1
./img/PROTEINS/graph_824.png,1
./img/PROTEINS/graph_825.png,1
./img/PROTEINS/graph_826.png,1
./img/PROTEINS/graph_827.png,1
./img/PROTEINS/graph_828.png,1
./img/PROTEINS/graph_829.png,1
./img/PROTEINS/graph_830.png,1
./img/PROTEINS/graph_831.png,1
./img/PROTEINS/graph_832.png,1
./img/PROTEINS/graph_833.png,1
./img/PROTEINS/graph_834.png,1
./img/PROTEINS/graph_835.png,1
./img/PROTEINS/graph_836.png,1
./img/PROTEINS/graph_837.png,1
./img/PROTEINS/graph_838.png,1
./img/PROTEINS/graph_839.png,1
./img/PROTEINS/graph_840.png,1
./img/PROTEINS/graph_841.png,1
./img/PROTEINS/graph_842.png,1
./img/PROTEINS/graph_843.png,1
./img/PROTEINS/graph_844.png,1
./img/PROTEINS/graph_845.png,1
./img/PROTEINS/graph_846.png,1
./img/PROTEINS/graph_847.png,1
./img/PROTEINS/graph_848.png,1
./img/PROTEINS/graph_849.png,1
./img/PROTEINS/graph_850.png,1
./img/PROTEINS/graph_851.png,1
./img/PROTEINS/graph_852.png,1
./img/PROTEINS/graph_853.png,1
./img/PROTEINS/graph_854.png,1
./img/PROTEINS/graph_855.png,1
./img/PROTEINS/graph_856.png,1
./img/PROTEINS/graph_857.png,1
./img/PROTEINS/graph_858.png,1
./img/PROTEINS/graph_859.png,1
./img/PROTEINS/graph_860.png,1
./img/PROTEINS/graph_861.png,1
./img/PROTEINS/graph_862.png,1
./img/PROTEINS/graph_863.png,1
./img/PROTEINS/graph_864.png,1
./img/PROTEINS/graph_865.png,1
./img/PROTEINS/graph_866.png,1
./img/PROTEINS/graph_867.png,1
./img/PROTEINS/graph_868.png,1
./img/PROTEINS/graph_869.png,1
./img/PROTEINS/graph_870.png,1
./img/PROTEINS/graph_871.png,1
./img/PROTEINS/graph_872.png,1
./img/PROTEINS/graph_873.png,1
./img/PROTEINS/graph_874.png,1
./img/PROTEINS/graph_875.png,1
./img/PROTEINS/graph_876.png,1
./img/PROTEINS/graph_877.png,1
./img/PROTEINS/graph_878.png,1
./img/PROTEINS/graph_879.png,1
./img/PROTEINS/graph_880.png,1
./img/PROTEINS/graph_881.png,1
./img/PROTEINS/graph_882.png,1
./img/PROTEINS/graph_883.png,1
./img/PROTEINS/graph_884.png,1
./img/PROTEINS/graph_885.png,1
./img/PROTEINS/graph_886.png,1
./img/PROTEINS/graph_887.png,1
./img/PROTEINS/graph_888.png,1
./img/PROTEINS/graph_889.png,1
./img/PROTEINS/graph_890.png,1
./img/PROTEINS/graph_891.png,1
./img/PROTEINS/graph_892.png,1
./img/PROTEINS/graph_893.png,1
./img/PROTEINS/graph_894.png,1
./img/PROTEINS/graph_895.png,1
./img/PROTEINS/graph_896.png,1
./img/PROTEINS/graph_897.png,1
./img/PROTEINS/graph_898.png,1
./img/PROTEINS/graph_899.png,1
./img/PROTEINS/graph_900.png,1
./img/PROTEINS/graph_901.png,1
./img/PROTEINS/graph_902.png,1
./img/PROTEINS/graph_903.png,1
./img/PROTEINS/graph_904.png,1
./img/PROTEINS/graph_905.png,1
./img/PROTEINS/graph_906.png,1
./img/PROTEINS/graph_907.png,1
./img/PROTEINS/graph_908.png,1
./img/PROTEINS/graph_909.png,1
./img/PROTEINS/graph_910.png,1
./img/PROTEINS/graph_911.png,1
./img/PROTEINS/graph_912.png,1
./img/PROTEINS/graph_913.png,1
./img/PROTEINS/graph_914.png,1
./img/PROTEINS/graph_915.png,1
./img/PROTEINS/graph_916.png,1
./img/PROTEINS/graph_917.png,1
./img/PROTEINS/graph_918.png,1
./img/PROTEINS/graph_919.png,1
./img/PROTEINS/graph_920.png,1
./img/PROTEINS/graph_921.png,1
./img/PROTEINS/graph_922.png,1
./img/PROTEINS/graph_923.png,1
./img/PROTEINS/graph_924.png,1
./img/PROTEINS/graph_925.png,1
./img/PROTEINS/graph_926.png,1
./img/PROTEINS/graph_927.png,1
./img/PROTEINS/graph_928.png,1
./img/PROTEINS/graph_929.png,1
./img/PROTEINS/graph_930.png,1
./img/PROTEINS/graph_931.png,1
./img/PROTEINS/graph_932.png,1
./img/PROTEINS/graph_933.png,1
./img/PROTEINS/graph_934.png,1
./img/PROTEINS/graph_935.png,1
./img/PROTEINS/graph_936.png,1
./img/PROTEINS/graph_937.png,1
./img/PROTEINS/graph_938.png,1
./img/PROTEINS/graph_939.png,1
./img/PROTEINS/graph_940.png,1
./img/PROTEINS/graph_941.png,1
./img/PROTEINS/graph_942.png,1
./img/PROTEINS/graph_943.png,1
./img/PROTEINS/graph_944.png,1
./img/PROTEINS/graph_945.png,1
./img/PROTEINS/graph_946.png,1
./img/PROTEINS/graph_947.png,1
./img/PROTEINS/graph_948.png,1
./img/PROTEINS/graph_949.png,1
./img/PROTEINS/graph_950.png,1
./img/PROTEINS/graph_951.png,1
./img/PROTEINS/graph_952.png,1
./img/PROTEINS/graph_953.png,1
./img/PROTEINS/graph_954.png,1
./img/PROTEINS/graph_955.png,1
./img/PROTEINS/graph_956.png,1
./img/PROTEINS/graph_957.png,1
./img/PROTEINS/graph_958.png,1
./img/PROTEINS/graph_959.png,1
./img/PROTEINS/graph_960.png,1
./img/PROTEINS/graph_961.png,1
./img/PROTEINS/graph_962.png,1
./img/PROTEINS/graph_963.png,1
./img/PROTEINS/graph_964.png,1
./img/PROTEINS/graph_965.png,1
./img/PROTEINS/graph_966.png,1
./img/PROTEINS/graph_967.png,1
./img/PROTEINS/graph_968.png,1
./img/PROTEINS/graph_969.png,1
./img/PROTEINS/graph_970.png,1
./img/PROTEINS/graph_971.png,1
./img/PROTEINS/graph_972.png,1
./img/PROTEINS/graph_973.png,1
./img/PROTEINS/graph_974.png,1
./img/PROTEINS/graph_975.png,1
./img/PROTEINS/graph_976.png,1
./img/PROTEINS/graph_977.png,1
./img/PROTEINS/graph_978.png,1
./img/PROTEINS/graph_979.png,1
./img/PROTEINS/graph_980.png,1
./img/PROTEINS/graph_981.png,1
./img/PROTEINS/graph_982.png,1
./img/PROTEINS/graph_983.png,1
./img/PROTEINS/graph_984.png,1
./img/PROTEINS/graph_985.png,1
./img/PROTEINS/graph_986.png,1
./img/PROTEINS/graph_987.png,1
./img/PROTEINS/graph_988.png,1
./img/PROTEINS/graph_989.png,1
./img/PROTEINS/graph_990.png,1
./img/PROTEINS/graph_991.png,1
./img/PROTEINS/graph_992.png,1
./img/PROTEINS/graph_993.png,1
./img/PROTEINS/graph_994.png,1
./img/PROTEINS/graph_995.png,1
./img/PROTEINS/graph_996.png,1
./img/PROTEINS/graph_997.png,1
./img/PROTEINS/graph_998.png,1
./img/PROTEINS/graph_999.png,1
./img/PROTEINS/graph_1000.png,1
./img/PROTEINS/graph_1001.png,1
./img/PROTEINS/graph_1002.png,1
./img/PROTEINS/graph_1003.png,1
./img/PROTEINS/graph_1004.png,1
./img/PROTEINS/graph_1005.png,1
./img/PROTEINS/graph_1006.png,1
./img/PROTEINS/graph_1007.png,1
./img/PROTEINS/graph_1008.png,1
./img/PROTEINS/graph_1009.png,1
./img/PROTEINS/graph_1010.png,1
./img/PROTEINS/graph_1011.png,1
./img/PROTEINS/graph_1012.png,1
./img/PROTEINS/graph_1013.png,1
./img/PROTEINS/graph_1014.png,1
./img/PROTEINS/graph_1015.png,1
./img/PROTEINS/graph_1016.png,1
./img/PROTEINS/graph_1017.png,1
./img/PROTEINS/graph_1018.png,1
./img/PROTEINS/graph_1019.png,1
./img/PROTEINS/graph_1020.png,1
./img/PROTEINS/graph_1021.png,1
./img/PROTEINS/graph_1022.png,1
./img/PROTEINS/graph_1023.png,1
./img/PROTEINS/graph_1024.png,1
./img/PROTEINS/graph_1025.png,1
./img/PROTEINS/graph_1026.png,1
./img/PROTEINS/graph_1027.png,1
./img/PROTEINS/graph_1028.png,1
./img/PROTEINS/graph_1029.png,1
./img/PROTEINS/graph_1030.png,1
./img/PROTEINS/graph_1031.png,1
./img/PROTEINS/graph_1032.png,1
./img/PROTEINS/graph_1033.png,1
./img/PROTEINS/graph_1034.png,1
./img/PROTEINS/graph_1035.png,1
./img/PROTEINS/graph_1036.png,1
./img/PROTEINS/graph_1037.png,1
./img/PROTEINS/graph_1038.png,1
./img/PROTEINS/graph_1039.png,1
./img/PROTEINS/graph_1040.png,1
./img/PROTEINS/graph_1041.png,1
./img/PROTEINS/graph_1042.png,1
./img/PROTEINS/graph_1043.png,1
./img/PROTEINS/graph_1044.png,1
./img/PROTEINS/graph_1045.png,1
./img/PROTEINS/graph_1046.png,1
./img/PROTEINS/graph_1047.png,1
./img/PROTEINS/graph_1048.png,1
./img/PROTEINS/graph_1049.png,1
./img/PROTEINS/graph_1050.png,1
./img/PROTEINS/graph_1051.png,1
./img/PROTEINS/graph_1052.png,1
./img/PROTEINS/graph_1053.png,1
./img/PROTEINS/graph_1054.png,1
./img/PROTEINS/graph_1055.png,1
./img/PROTEINS/graph_1056.png,1
./img/PROTEINS/graph_1057.png,1
./img/PROTEINS/graph_1058.png,1
./img/PROTEINS/graph_1059.png,1
./img/PROTEINS/graph_1060.png,1
./img/PROTEINS/graph_1061.png,1
./img/PROTEINS/graph_1062.png,1
./img/PROTEINS/graph_1063.png,1
./img/PROTEINS/graph_1064.png,1
./img/PROTEINS/graph_1065.png,1
./img/PROTEINS/graph_1066.png,1
./img/PROTEINS/graph_1067.png,1
./img/PROTEINS/graph_1068.png,1
./img/PROTEINS/graph_1069.png,1
./img/PROTEINS/graph_1070.png,1
./img/PROTEINS/graph_1071.png,1
./img/PROTEINS/graph_1072.png,1
./img/PROTEINS/graph_1073.png,1
./img/PROTEINS/graph_1074.png,1
./img/PROTEINS/graph_1075.png,1
./img/PROTEINS/graph_1076.png,1
./img/PROTEINS/graph_1077.png,1
./img/PROTEINS/graph_1078.png,1
./img/PROTEINS/graph_1079.png,1
./img/PROTEINS/graph_1080.png,1
./img/PROTEINS/graph_1081.png,1
./img/PROTEINS/graph_1082.png,1
./img/PROTEINS/graph_1083.png,1
./img/PROTEINS/graph_1084.png,1
./img/PROTEINS/graph_1085.png,1
./img/PROTEINS/graph_1086.png,1
./img/PROTEINS/graph_1087.png,1
./img/PROTEINS/graph_1088.png,1
./img/PROTEINS/graph_1089.png,1
./img/PROTEINS/graph_1090.png,1
./img/PROTEINS/graph_1091.png,1
./img/PROTEINS/graph_1092.png,1
./img/PROTEINS/graph_1093.png,1
./img/PROTEINS/graph_1094.png,1
./img/PROTEINS/graph_1095.png,1
./img/PROTEINS/graph_1096.png,1
./img/PROTEINS/graph_1097.png,1
./img/PROTEINS/graph_1098.png,1
./img/PROTEINS/graph_1099.png,1
./img/PROTEINS/graph_1100.png,1
./img/PROTEINS/graph_1101.png,1
./img/PROTEINS/graph_1102.png,1
./img/PROTEINS/graph_1103.png,1
./img/PROTEINS/graph_1104.png,1
./img/PROTEINS/graph_1105.png,1
./img/PROTEINS/graph_1106.png,1
./img/PROTEINS/graph_1107.png,1
./img/PROTEINS/graph_1108.png,1
./img/PROTEINS/graph_1109.png,1
./img/PROTEINS/graph_1110.png,1
./img/PROTEINS/graph_1111.png,1
./img/PROTEINS/graph_1112.png,1
